"y","N","E","avg_ew","sd_ew","med_ew","max_ew","avg_ew_scaled","sd_ew_scaled","med_ew_scaled","deg_max","deg_min","strength_mean","assort","ed","ld","mean_deg","nc","nc_weighted","m","m_weighted","beta_eff","pcgroup"
2004,11,7,0.0282229965156794,0.0215802962609087,0.0219512195121951,0.0560975609756098,0.142857142857143,0.109233598357686,0.111111111111111,0.4,0,0.181818181818182,-0.604166666666667,0.127272727272727,0.636363636363636,1.27272727272727,0.333333333333333,0.14156378600823,0.204081632653061,0.400548696844993,0.0447240504151073,"Puget Sound"
2004,7,2,0.100961538461538,0.0611919329872974,0.100961538461538,0.144230769230769,0.5,0.303045763365663,0.5,0.333333333333333,0,0.285714285714286,-1,0.0952380952380952,0.285714285714286,0.571428571428571,0.333333333333333,0.25,-0.375,-0.397959183673469,0.138049450549451,"North WA Coast"
2004,8,9,0.0534547152194211,0.0403573439608558,0.046218487394958,0.123949579831933,0.111111111111111,0.0838868808968007,0.0960698689956332,0.571428571428571,0,0.25,-0.384615384615386,0.321428571428571,1.125,2.25,0.333333333333333,0.161572052401747,0,0.204372532941782,0.0839237805748209,"WA Coast"
2004,1,0,NA,NA,NA,0,NA,NA,NA,NA,NA,NA,NA,NA,0,0,NA,NA,0,0,NA,"Other Coastal Washington"
2004,9,15,0.0533333333333333,0.0371849880633138,0.0409090909090909,0.15,0.0666666666666667,0.0464812350791423,0.0511363636363636,0.75,0,0.222222222222222,-0.341463414634145,0.416666666666667,1.66666666666667,3.33333333333333,0.428571428571429,0.182224025974026,0.0533333333333332,0.134232954545454,0.0792593959071232,"Astoria"
2004,7,4,0.10969387755102,0.0522803610508143,0.112244897959184,0.163265306122449,0.25,0.119150590301856,0.255813953488372,0.5,0,0.285714285714286,-0.714285714285714,0.19047619047619,0.571428571428571,1.14285714285714,0.433333333333333,0.246511627906977,-0.28125,-0.312330989724175,0.134610821072615,"Tillamook"
2004,2,1,NA,NA,NA,0,NA,NA,NA,1,1,1,NA,1,0.5,1,NA,NA,-0.5,-0.5,NA,"Columbia River"
2004,7,9,0.0807770961145194,0.0832470352460853,0.0398773006134969,0.279141104294479,0.111111111111111,0.114508580127527,0.0548523206751055,0.833333333333333,0,0.285714285714286,-0.636363636363634,0.428571428571429,1.28571428571429,2.57142857142857,0.566666666666667,0.213502109704641,-0.154320987654321,0.00912425003115607,0.166569594367218,"Newport"
2004,7,8,0.0664983164983165,0.0526173635188149,0.0521885521885522,0.178451178451178,0.125,0.0989073225638483,0.0981012658227848,0.666666666666667,0,0.285714285714286,-0.548387096774194,0.380952380952381,1.14285714285714,2.28571428571429,0.4,0.213607594936709,-0.2109375,-0.241928376862682,0.108132256866434,"Coos Bay"
2004,6,9,0.121428571428571,0.0812058357207291,0.121428571428571,0.228571428571429,0.111111111111111,0.0743059934699482,0.111111111111111,0.8,0,0.333333333333333,-0.499999999999998,0.6,1.5,3,0.3,0.17156862745098,-0.203703703703704,-0.236575676022043,0.175735294117647,"Brookings"
2004,3,2,0.0909090909090909,0.0467508615660527,0.0909090909090909,0.12396694214876,0.5,0.25712973861329,0.5,1,0.5,0.666666666666667,-1,0.666666666666667,0.666666666666667,1.33333333333333,1,0.75,-0.375,-0.391528925619835,0.114951164537941,"Crescent City"
2004,6,2,0.108333333333333,0.0942809041582063,0.108333333333333,0.175,0.5,0.435142634576337,0.5,0.4,0,0.333333333333333,-1,0.133333333333333,0.333333333333333,0.666666666666667,0.4,0.3,0,-4.44089209850063e-16,0.190384615384615,"Eureka"
2004,7,6,0.0493197278911565,0.0284374897497666,0.0357142857142857,0.102040816326531,0.166666666666667,0.0960991032923149,0.120689655172414,0.5,0,0.285714285714286,-0.333333333333334,0.285714285714286,0.857142857142857,1.71428571428571,0.3,0.21551724137931,0.111111111111111,0.159334126040428,0.0657166314801783,"Morro Bay"
2004,5,6,0.0585185185185185,0.0248915342509508,0.0622222222222222,0.0888888888888889,0.166666666666667,0.0708936102084041,0.177215189873418,0.75,0,0.4,NA,0.6,1.2,2.4,0.25,0.141350210970464,-0.25,-0.255007210382951,0.0691064228785748,"Fort Bragg"
2004,7,1,NA,NA,NA,0,NA,NA,NA,0.166666666666667,0,0.285714285714286,NA,0.0476190476190476,0.142857142857143,0.285714285714286,0.166666666666667,0.166666666666667,-0.5,-0.5,NA,"Bodega Bay"
2004,10,13,0.0433810375670841,0.0539354725822779,0.0261627906976744,0.215116279069767,0.0769230769230769,0.0956381575685753,0.0463917525773196,0.555555555555556,0,0.2,-0.354166666666666,0.288888888888889,1.3,2.6,0.333333333333333,0.178407789232532,-0.00295857988165681,0.174022212775002,0.110438797496757,"San Francisco"
2004,7,7,0.0622347949080622,0.0331913548454466,0.0495049504950495,0.108910891089109,0.142857142857143,0.0761892463497751,0.113636363636364,0.666666666666667,0,0.285714285714286,-0.555555555555554,0.333333333333333,1,2,0.466666666666667,0.191287878787879,0,-4.44089209850063e-16,0.0799365650850799,"San Diego"
2004,10,14,0.0394409937888199,0.0291144210821081,0.0304347826086956,0.108695652173913,0.0714285714285714,0.0527269043219281,0.0551181102362205,0.555555555555556,0,0.2,0.166666666666667,0.311111111111111,1.4,2.8,0.305555555555556,0.175196850393701,0.114795918367347,0.149544299088598,0.0609325799158048,"Monterey"
2004,8,13,0.0316541865214432,0.0232631562539455,0.0265486725663717,0.101769911504425,0.0769230769230769,0.0565319711117384,0.0645161290322581,0.857142857142857,0,0.25,-0.498305084745763,0.464285714285714,1.625,3.25,0.523809523809524,0.1415770609319,0.0088757396449705,0.178055266504798,0.0487506435265499,"Santa Barbara"
2004,10,19,0.0380684721512519,0.0289577634225856,0.0242718446601942,0.121359223300971,0.0526315789473684,0.040035565537266,0.0335570469798658,0.777777777777778,0,0.2,-0.174731182795698,0.422222222222222,1.9,3.8,0.444444444444444,0.114093959731544,0.177285318559557,0.328701409846403,0.0600959404222857,"Los Angeles"
2004,1,0,NA,NA,NA,0,NA,NA,NA,NA,NA,NA,NA,NA,0,0,NA,NA,0,0,NA,"Unknown Ports"
2005,10,7,0.0329426670890086,0.028893787881895,0.0221729490022173,0.0753880266075388,0.142857142857143,0.125299022449372,0.0961538461538462,0.444444444444444,0,0.2,-0.491803278688524,0.155555555555556,0.7,1.4,0.361111111111111,0.155181623931624,0.316326530612245,0.451876849112426,0.0582852107242351,"Puget Sound"
2005,7,4,0.121559633027523,0.0963302752293578,0.0963302752293578,0.256880733944954,0.25,0.19811320754717,0.19811320754717,0.5,0,0.285714285714286,-0.714285714285714,0.19047619047619,0.571428571428571,1.14285714285714,0.433333333333333,0.227672955974843,-0.28125,-0.322000711997152,0.197896832265882,"North WA Coast"
2005,8,10,0.0507751937984496,0.0424079739966998,0.0319767441860465,0.124031007751938,0.1,0.0835210480240347,0.0629770992366412,0.571428571428571,0,0.25,-0.250000000000002,0.357142857142857,1.25,2.5,0.285714285714286,0.142857142857143,0.0200000000000001,0.224200221432317,0.0861947781262534,"WA Coast"
2005,1,0,NA,NA,NA,0,NA,NA,NA,NA,NA,NA,NA,NA,0,0,NA,NA,0,0,NA,"Other Coastal Washington"
2005,8,13,0.0538461538461538,0.0435528775955521,0.0409090909090909,0.159090909090909,0.0769230769230769,0.0622183965650745,0.0584415584415584,0.857142857142857,0,0.25,-0.54074074074074,0.464285714285714,1.625,3.25,0.523809523809524,0.170995670995671,-0.0147928994082839,0.114247765221791,0.0890734265734266,"Astoria"
2005,5,5,0.102777777777778,0.0577684287307928,0.125,0.166666666666667,0.2,0.112414239692354,0.243243243243243,0.75,0,0.4,-0.666666666666671,0.5,1,2,0.416666666666667,0.207207207207207,-0.26,-0.288531775018261,0.135247747747748,"Tillamook"
2005,2,1,NA,NA,NA,0,NA,NA,NA,1,1,1,NA,1,0.5,1,NA,NA,-0.5,-0.5,NA,"Columbia River"
2005,6,10,0.106719367588933,0.0832858004178082,0.112648221343874,0.280632411067194,0.1,0.078041879650761,0.105555555555556,1,0.4,0.333333333333333,-0.531531531531532,0.666666666666667,1.66666666666667,3.33333333333333,0.5,0.216666666666667,-0.185,-0.230466392318244,0.171717171717172,"Newport"
2005,7,12,0.104938271604938,0.055274259795899,0.0987654320987654,0.191358024691358,0.0833333333333333,0.0438942651320374,0.0784313725490196,0.833333333333333,0,0.285714285714286,-0.454545454545455,0.571428571428571,1.71428571428571,3.42857142857143,0.366666666666667,0.143137254901961,0,-4.44089209850063e-16,0.134052947778438,"Coos Bay"
2005,3,3,0.242424242424242,0.0484253328684489,0.223140495867769,0.297520661157025,0.333333333333333,0.0665848326941172,0.306818181818182,1,1,0.666666666666667,NA,1,1,2,0,0.110795454545455,-0.333333333333333,-0.335550103305785,0.25209742048585,"Brookings"
2005,2,1,NA,NA,NA,0,NA,NA,NA,1,1,1,NA,1,0.5,1,NA,NA,-0.5,-0.5,NA,"Crescent City"
2005,4,3,0.113095238095238,0.126374248485489,0.0446428571428571,0.258928571428571,0.333333333333333,0.372471469220389,0.131578947368421,0.666666666666667,0,0.5,NA,0.5,0.75,1.5,0.333333333333333,0.394736842105263,0,2.22044604925031e-16,0.254307644110276,"Eureka"
2005,6,4,0.101190476190476,0.0924696841089765,0.0654761904761905,0.238095238095238,0.25,0.228454513681001,0.161764705882353,0.8,0,0.333333333333333,-1,0.266666666666667,0.666666666666667,1.33333333333333,0.8,0.5,0,2.22044604925031e-16,0.185690943043884,"Morro Bay"
2005,7,6,0.0765199161425577,0.0268065237998835,0.0786163522012579,0.106918238993711,0.166666666666667,0.058386812112075,0.171232876712329,0.5,0,0.285714285714286,NA,0.285714285714286,0.857142857142857,1.71428571428571,0.3,0.147945205479452,-0.25,-0.254362919872396,0.0859108009534476,"Fort Bragg"
2005,6,1,NA,NA,NA,0,NA,NA,NA,0.2,0,0.333333333333333,NA,0.0666666666666667,0.166666666666667,0.333333333333333,0.2,0.2,-0.5,-0.5,NA,"Bodega Bay"
2005,8,11,0.0658585858585859,0.0531782256309574,0.0533333333333333,0.208888888888889,0.0909090909090909,0.0734055261777019,0.0736196319018405,0.714285714285714,0,0.25,-0.447368421052629,0.392857142857143,1.375,2.75,0.428571428571429,0.137598597721297,-0.103305785123967,0.104125108208815,0.108797917828593,"San Francisco"
2005,6,3,0.0493827160493827,0.0141437521449254,0.0462962962962963,0.0648148148148148,0.333333333333333,0.0954703269782467,0.3125,0.6,0,0.333333333333333,-1,0.2,0.5,1,0.6,0.4,-0.333333333333333,-0.337890625,0.0534336419753086,"San Diego"
2005,10,15,0.056047197640118,0.0358171586361159,0.0442477876106195,0.15929203539823,0.0666666666666667,0.0426035676408537,0.0526315789473684,0.555555555555556,0,0.2,0.409448818897639,0.333333333333333,1.5,3,0.277777777777778,0.131578947368421,0.151111111111111,0.221385041551247,0.0789362787499723,"Monterey"
2005,9,15,0.0473118279569892,0.0366379803537062,0.0368663594470046,0.142857142857143,0.0666666666666667,0.0516262450438587,0.0519480519480519,0.625,0,0.222222222222222,0.745762711864407,0.416666666666667,1.66666666666667,3.33333333333333,0.267857142857143,0.174397031539889,0.0377777777777778,0.147158036768426,0.075684048231777,"Santa Barbara"
2005,8,11,0.030442035029191,0.0200236295972279,0.018348623853211,0.0688073394495413,0.0909090909090909,0.0597965924958311,0.0547945205479452,0.857142857142857,0.142857142857143,0.25,-0.665012406947891,0.392857142857143,1.375,2.75,0.619047619047619,0.320939334637965,0.0330578512396694,0.0222368174141489,0.0436128280416329,"Los Angeles"
2005,1,0,NA,NA,NA,0,NA,NA,NA,NA,NA,NA,NA,NA,0,0,NA,NA,0,0,NA,"Unknown Ports"
2006,10,7,0.0298023971493359,0.0246818069522721,0.0158730158730159,0.0680272108843537,0.142857142857143,0.118311705064696,0.0760869565217391,0.444444444444444,0,0.2,-0.399999999999999,0.155555555555556,0.7,1.4,0.361111111111111,0.134057971014493,0.204081632653061,0.391304347826087,0.0502434238015427,"Puget Sound"
2006,7,5,0.0929824561403509,0.0803002981848829,0.0526315789473684,0.228070175438596,0.2,0.172721396095786,0.113207547169811,0.5,0,0.285714285714286,-0.666666666666671,0.238095238095238,0.714285714285714,1.42857142857143,0.366666666666667,0.236477987421384,-0.26,-0.314880740477038,0.162330354187355,"North WA Coast"
2006,7,13,0.0350813082404531,0.0340388396877981,0.0166270783847981,0.104513064133017,0.0769230769230769,0.0746372474404324,0.0364583333333333,0.833333333333333,0.333333333333333,0.285714285714286,-0.437788018433179,0.619047619047619,1.85714285714286,3.71428571428571,0.3,0.162239583333333,-0.0384615384615384,0.198879665798611,0.0681086571451773,"WA Coast"
2006,1,0,NA,NA,NA,0,NA,NA,NA,NA,NA,NA,NA,NA,0,0,NA,NA,0,0,NA,"Other Coastal Washington"
2006,8,14,0.0535714285714286,0.0501946421726008,0.0361111111111111,0.2,0.0714285714285714,0.0669261895634678,0.0481481481481481,0.857142857142857,0,0.25,-0.446666666666665,0.5,1.75,3.5,0.476190476190476,0.188888888888889,-0.158163265306122,-0.203237311385459,0.100602134491023,"Astoria"
2006,6,6,0.125,0.0987420882906575,0.1,0.3,0.166666666666667,0.131656117720877,0.133333333333333,0.6,0,0.333333333333333,NA,0.4,1,2,0.3,0.2,-0.25,-0.286666666666667,0.203,"Tillamook"
2006,2,1,NA,NA,NA,0,NA,NA,NA,1,1,1,NA,1,0.5,1,NA,NA,-0.5,-0.5,NA,"Columbia River"
2006,7,10,0.0888888888888889,0.0670101172443918,0.0634920634920635,0.21031746031746,0.1,0.0753863818999408,0.0714285714285714,0.833333333333333,0,0.285714285714286,-0.666666666666666,0.476190476190476,1.42857142857143,2.85714285714286,0.5,0.190625,0,-4.44089209850063e-16,0.139405391786344,"Newport"
2006,8,19,0.0860818713450292,0.0582358013816128,0.0622222222222222,0.266666666666667,0.0526315789473684,0.0356061285621274,0.0380434782608696,0.857142857142857,0,0.25,-0.373493975903616,0.678571428571429,2.375,4.75,0.238095238095238,0.0960144927536231,-0.0387811634349031,0.0535798676748583,0.125479348532362,"Coos Bay"
2006,6,8,0.139227642276423,0.0930466912419971,0.146341463414634,0.24390243902439,0.125,0.0835382702391653,0.131386861313869,0.8,0,0.333333333333333,-0.548387096774194,0.533333333333333,1.33333333333333,2.66666666666667,0.4,0.182481751824818,-0.2109375,-0.248041984122756,0.201411319379096,"Brookings"
2006,4,1,NA,NA,NA,0,NA,NA,NA,0.333333333333333,0,0.5,NA,0.166666666666667,0.25,0.5,0.333333333333333,0.333333333333333,-0.5,-0.5,NA,"Crescent City"
2006,6,11,0.0884184308841843,0.06879757999439,0.0753424657534247,0.232876712328767,0.0909090909090909,0.070735539994232,0.0774647887323944,1,0.4,0.333333333333333,-0.39080459770115,0.733333333333333,1.83333333333333,3.66666666666667,0.4,0.175352112676056,0,-1.33226762955019e-15,0.141949204567379,"Eureka"
2006,7,7,0.0671428571428571,0.0415187851918806,0.05,0.16,0.142857142857143,0.0883378408337885,0.106382978723404,0.666666666666667,0,0.285714285714286,-0.749999999999999,0.333333333333333,1,2,0.466666666666667,0.230496453900709,-0.224489795918367,-0.261430511543685,0.0928166160081054,"Morro Bay"
2006,5,6,0.063752276867031,0.0288463867319915,0.0655737704918033,0.103825136612022,0.166666666666667,0.0754126967422063,0.171428571428571,0.75,0,0.4,NA,0.6,1.2,2.4,0.25,0.130952380952381,-0.25,-0.256836734693878,0.0768045797553994,"Fort Bragg"
2006,6,1,NA,NA,NA,0,NA,NA,NA,0.2,0,0.333333333333333,NA,0.0666666666666667,0.166666666666667,0.333333333333333,0.2,0.2,-0.5,-0.5,NA,"Bodega Bay"
2006,7,9,0.0585424133811231,0.0703048216700109,0.039426523297491,0.243727598566308,0.111111111111111,0.133435681945123,0.0748299319727891,0.666666666666667,0,0.285714285714286,-0.499999999999998,0.428571428571429,1.28571428571429,2.57142857142857,0.333333333333333,0.214285714285714,-0.080246913580247,0.167129436808737,0.142972959793236,"San Francisco"
2006,6,5,0.0738738738738739,0.0368158860210857,0.0810810810810811,0.108108108108108,0.2,0.0996722767887929,0.219512195121951,0.6,0,0.333333333333333,-0.666666666666671,0.333333333333333,0.833333333333333,1.66666666666667,0.4,0.195121951219512,-0.26,-0.284057108863772,0.0922214897824654,"San Diego"
2006,10,13,0.0619469026548673,0.0371962248168687,0.0442477876106195,0.123893805309735,0.0769230769230769,0.0461887187286392,0.0549450549450549,0.555555555555556,0,0.2,-0.437788018433179,0.288888888888889,1.3,2.6,0.333333333333333,0.164529914529915,0.0680473372781065,0.131324719236807,0.0842815002107037,"Monterey"
2006,8,15,0.0411111111111111,0.0317271769404994,0.0333333333333333,0.1125,0.0666666666666667,0.0514494761197287,0.0540540540540541,0.857142857142857,0,0.25,-0.545961002785516,0.535714285714286,1.875,3.75,0.428571428571429,0.162162162162162,-0.00888888888888881,0.127465303140979,0.0655963105963106,"Santa Barbara"
2006,9,14,0.0350707850707851,0.029784204875602,0.0202702702702703,0.103603603603604,0.0714285714285714,0.0606614080952628,0.0412844036697248,0.75,0,0.222222222222222,-0.361111111111111,0.388888888888889,1.55555555555556,3.11111111111111,0.464285714285714,0.187418086500655,0.119897959183674,0.255996969952025,0.0603653103653104,"Los Angeles"
2006,1,0,NA,NA,NA,0,NA,NA,NA,NA,NA,NA,NA,NA,0,0,NA,NA,0,0,NA,"Unknown Ports"
2007,10,7,0.0247747747747748,0.0202702702702703,0.0135135135135135,0.0518018018018018,0.142857142857143,0.116883116883117,0.0779220779220779,0.333333333333333,0,0.2,-0.473684210526315,0.155555555555556,0.7,1.4,0.222222222222222,0.149350649350649,0.204081632653061,0.351745656940462,0.0413595413595414,"Puget Sound"
2007,6,3,0.100358422939068,0.076286009511802,0.0860215053763441,0.182795698924731,0.333333333333333,0.253378531592771,0.285714285714286,0.4,0,0.333333333333333,NA,0.2,0.5,1,0.3,0.251785714285714,-0.333333333333333,-0.365433673469388,0.158346134152586,"North WA Coast"
2007,7,9,0.0314735336194564,0.0251402886563519,0.0236051502145923,0.0815450643776824,0.111111111111111,0.088752837226212,0.0833333333333333,0.666666666666667,0,0.285714285714286,-0.384615384615386,0.428571428571429,1.28571428571429,2.57142857142857,0.333333333333333,0.261363636363636,-0.191358024691358,-0.244949494949495,0.051554981141891,"WA Coast"
2007,7,9,0.0314735336194564,0.0251402886563519,0.0236051502145923,0.0815450643776824,0.111111111111111,0.088752837226212,0.0833333333333333,0.666666666666667,0,0.285714285714286,-0.384615384615386,0.428571428571429,1.28571428571429,2.57142857142857,0.333333333333333,0.261363636363636,-0.191358024691358,-0.244949494949495,0.051554981141891,"WA Coast"
2007,7,8,0.0446891191709845,0.0275479404128515,0.0362694300518135,0.0829015544041451,0.125,0.0770543840533383,0.101449275362319,0.666666666666667,0,0.285714285714286,-0.396825396825397,0.380952380952381,1.14285714285714,2.28571428571429,0.4,0.17536231884058,0.125,0.258244066372611,0.0616706358145872,"Astoria"
2007,8,3,0.141843971631206,0.0614202414031517,0.106382978723404,0.212765957446809,0.333333333333333,0.144337567297406,0.25,0.285714285714286,0,0.25,NA,0.107142857142857,0.375,0.75,0.238095238095238,0.142857142857143,-0.333333333333333,-0.34375,0.168439716312057,"Tillamook"
2007,2,1,NA,NA,NA,0,NA,NA,NA,1,1,1,NA,1,0.5,1,NA,NA,-0.5,-0.5,NA,"Columbia River"
2007,7,7,0.076026977314531,0.0568143890583088,0.0600858369098712,0.145922746781116,0.142857142857143,0.10675606976279,0.112903225806452,0.666666666666667,0,0.285714285714286,-0.749999999999999,0.333333333333333,1,2,0.466666666666667,0.24260752688172,0,0,0.118483943487405,"Newport"
2007,7,9,0.118655692729767,0.0521758120703949,0.111111111111111,0.209876543209877,0.111111111111111,0.0488582748867282,0.104046242774566,0.666666666666667,0,0.285714285714286,-0.499999999999998,0.428571428571429,1.28571428571429,2.57142857142857,0.333333333333333,0.153660886319846,-0.203703703703704,-0.219486117143907,0.141598674246929,"Coos Bay"
2007,7,7,0.123724489795918,0.116005999350575,0.0446428571428571,0.3125,0.142857142857143,0.133945071415097,0.0515463917525773,0.666666666666667,0,0.285714285714286,-0.555555555555554,0.333333333333333,1,2,0.466666666666667,0.218213058419244,-0.224489795918367,-0.285577638431289,0.232493512869065,"Brookings"
2007,6,7,0.0981366459627329,0.0838148837474595,0.0521739130434783,0.217391304347826,0.142857142857143,0.122009007986808,0.0759493670886076,0.8,0,0.333333333333333,-0.555555555555554,0.466666666666667,1.16666666666667,2.33333333333333,0.5,0.205696202531646,-0.224489795918367,-0.277759974363083,0.169719841706633,"Crescent City"
2007,6,6,0.0990990990990991,0.0837401804585387,0.0630630630630631,0.243243243243243,0.166666666666667,0.140835758043906,0.106060606060606,0.8,0,0.333333333333333,-0.714285714285714,0.4,1,2,0.6,0.306818181818182,-0.236111111111111,-0.293962350780533,0.16986076986077,"Eureka"
2007,7,8,0.0707831325301205,0.0512933324274892,0.0481927710843374,0.192771084337349,0.125,0.0905818423719489,0.0851063829787234,0.666666666666667,0,0.285714285714286,-0.548387096774194,0.380952380952381,1.14285714285714,2.28571428571429,0.4,0.193262411347518,-0.03125,0.0504753282028064,0.107953088951551,"Morro Bay"
2007,4,3,0.1375,0.0450693909432999,0.125,0.1875,0.333333333333333,0.109259129559515,0.303030303030303,0.666666666666667,0,0.5,NA,0.5,0.75,1.5,0.333333333333333,0.257575757575758,-0.333333333333333,-0.339302112029385,0.152272727272727,"Fort Bragg"
2007,5,0,NA,NA,NA,0,NA,NA,NA,0,0,NA,NA,0,0,0,0,NA,0,0,NA,"Bodega Bay"
2007,8,7,0.0626102292768959,0.0311567557066169,0.0679012345679012,0.111111111111111,0.142857142857143,0.0710900623165063,0.154929577464789,0.571428571428571,0,0.25,-0.555555555555554,0.25,0.875,1.75,0.428571428571429,0.155935613682093,-0.224489795918367,-0.245883753223567,0.0781147792102409,"San Francisco"
2007,6,5,0.0775862068965517,0.0520820947137697,0.0862068965517241,0.146551724137931,0.2,0.134256066373273,0.222222222222222,0.6,0,0.333333333333333,-0.562499999999999,0.333333333333333,0.833333333333333,1.66666666666667,0.4,0.283333333333333,-0.24,-0.299506172839506,0.112547892720307,"San Diego"
2007,8,5,0.072289156626506,0.0626042460567064,0.036144578313253,0.180722891566265,0.2,0.173205080756888,0.1,0.571428571428571,0,0.25,-0.805555555555556,0.178571428571429,0.625,1.25,0.523809523809524,0.30952380952381,0,0,0.126506024096386,"Monterey"
2007,8,14,0.0450968523002421,0.0302651797131315,0.0423728813559322,0.11864406779661,0.0714285714285714,0.0479367947134164,0.0671140939597315,0.857142857142857,0,0.25,-0.519379844961241,0.5,1.75,3.5,0.476190476190476,0.168903803131991,-0.038265306122449,0.0180172064321427,0.0654082721964647,"Santa Barbara"
2007,9,15,0.0398860398860399,0.0426637582104614,0.0256410256410256,0.166666666666667,0.0666666666666667,0.0713094244374854,0.0428571428571429,1,0.125,0.222222222222222,-0.667944785276074,0.416666666666667,1.66666666666667,3.33333333333333,0.75,0.195727040816327,0.0533333333333332,0.281224489795919,0.0855209605209605,"Los Angeles"
2007,1,0,NA,NA,NA,0,NA,NA,NA,NA,NA,NA,NA,NA,0,0,NA,NA,0,0,NA,"Unknown Ports"
2008,9,5,0.031264367816092,0.0188589832662011,0.0390804597701149,0.0528735632183908,0.2,0.120642025305845,0.25,0.5,0,0.222222222222222,-0.805555555555556,0.138888888888889,0.555555555555556,1.11111111111111,0.464285714285714,0.206144957983193,0.08,0.30060553633218,0.0426402974983097,"Puget Sound"
2008,5,1,NA,NA,NA,0,NA,NA,NA,0.25,0,0.4,NA,0.1,0.2,0.4,0.25,0.25,-0.5,-0.5,NA,"North WA Coast"
2008,7,10,0.0310276679841897,0.0277314348674483,0.0217391304347826,0.0948616600790514,0.1,0.0893764716110117,0.0700636942675159,0.833333333333333,0.166666666666667,0.285714285714286,-0.493506493506494,0.476190476190476,1.42857142857143,2.85714285714286,0.5,0.29723991507431,0,0,0.0558130459958208,"WA Coast"
2008,7,10,0.0310276679841897,0.0277314348674483,0.0217391304347826,0.0948616600790514,0.1,0.0893764716110117,0.0700636942675159,0.833333333333333,0.166666666666667,0.285714285714286,-0.493506493506494,0.476190476190476,1.42857142857143,2.85714285714286,0.5,0.29723991507431,0,0,0.0558130459958208,"WA Coast"
2008,9,16,0.0590909090909091,0.0523929958845005,0.0454545454545455,0.242424242424242,0.0625,0.055415668723991,0.0480769230769231,0.75,0,0.222222222222222,-0.54675118858954,0.444444444444444,1.77777777777778,3.55555555555556,0.392857142857143,0.203296703296703,0.060546875,0.109446909927679,0.105545195545196,"Astoria"
2008,5,3,0.142857142857143,0.0408163265306122,0.142857142857143,0.183673469387755,0.333333333333333,0.0952380952380952,0.333333333333333,0.5,0,0.4,NA,0.3,0.6,1.2,0.333333333333333,0.226190476190476,-0.333333333333333,-0.337868480725624,0.154518950437318,"Tillamook"
2008,2,1,NA,NA,NA,0,NA,NA,NA,1,1,1,NA,1,0.5,1,NA,NA,-0.5,-0.5,NA,"Columbia River"
2008,5,8,0.0888429752066116,0.0854311807089754,0.0433884297520661,0.231404958677686,0.125,0.120199684485884,0.061046511627907,1,0.5,0.4,-0.548387096774194,0.8,1.6,3.2,0.333333333333333,0.304021317829457,-0.2109375,-0.277109248242293,0.170993382938415,"Newport"
2008,5,6,0.111413043478261,0.0782872841896083,0.116847826086957,0.190217391304348,0.166666666666667,0.117112685291772,0.17479674796748,0.75,0,0.4,NA,0.6,1.2,2.4,0.25,0.188346883468835,-0.25,-0.283363077533214,0.166423647932131,"Coos Bay"
2008,5,3,0.284900284900285,0.0726914576761999,0.256410256410256,0.367521367521368,0.333333333333333,0.0850490054811538,0.3,0.5,0,0.4,NA,0.3,0.6,1.2,0.333333333333333,0.20625,-0.333333333333333,-0.33695,0.303447293447293,"Brookings"
2008,6,9,0.0973654066437572,0.0793732609103168,0.0412371134020619,0.216494845360825,0.111111111111111,0.0905788977447145,0.0470588235294118,1,0.2,0.333333333333333,-0.636363636363634,0.6,1.5,3,0.6,0.24,0,-4.44089209850063e-16,0.162071288996698,"Crescent City"
2008,6,6,0.0903426791277259,0.0673070244276954,0.0700934579439252,0.177570093457944,0.166666666666667,0.124169855409714,0.129310344827586,0.6,0,0.333333333333333,-0.285714285714287,0.4,1,2,0.3,0.267241379310345,-0.222222222222222,-0.26679548156956,0.140487700075196,"Eureka"
2008,5,3,0.0980392156862745,0.0596349267676296,0.0686274509803922,0.166666666666667,0.333333333333333,0.202758751009941,0.233333333333333,0.5,0,0.4,NA,0.3,0.6,1.2,0.333333333333333,0.25,-0.333333333333333,-0.353888888888889,0.134313725490196,"Morro Bay"
2008,4,3,0.112449799196787,0.0486921913774383,0.120481927710843,0.156626506024096,0.333333333333333,0.144337567297406,0.357142857142857,0.666666666666667,0,0.5,NA,0.5,0.75,1.5,0.333333333333333,0.321428571428571,-0.333333333333333,-0.34375,0.133534136546185,"Fort Bragg"
2008,6,4,0.111111111111111,0.040572041296679,0.111111111111111,0.155555555555556,0.25,0.0912870929175277,0.25,0.6,0,0.333333333333333,-0.666666666666667,0.266666666666667,0.666666666666667,1.33333333333333,0.5,0.3875,0.21875,0.12,0.125925925925926,"Bodega Bay"
2008,9,9,0.0510992275698158,0.0230181311410784,0.0588235294117647,0.0802139037433155,0.111111111111111,0.0500510525974611,0.127906976744186,0.75,0,0.222222222222222,-0.758620689655172,0.25,1,2,0.642857142857143,0.221656976744186,-0.203703703703704,-0.213899405083829,0.0614679628017521,"San Francisco"
2008,7,5,0.0756756756756757,0.0457600904475686,0.0900900900900901,0.117117117117117,0.2,0.120937381897146,0.238095238095238,0.5,0,0.285714285714286,-0.562499999999999,0.238095238095238,0.714285714285714,1.42857142857143,0.366666666666667,0.236111111111111,0,-4.44089209850063e-16,0.103346203346203,"San Diego"
2008,9,8,0.0632352941176471,0.0332384545236405,0.0529411764705882,0.129411764705882,0.125,0.0657039217327778,0.104651162790698,0.375,0.125,0.222222222222222,0.179487179487179,0.222222222222222,0.888888888888889,1.77777777777778,0.196428571428571,0.14202657807309,0.4453125,0.542184964845863,0.0807064686339652,"Monterey"
2008,9,20,0.0446215139442231,0.0327923464461681,0.0338645418326693,0.147410358565737,0.05,0.0367449953481615,0.0379464285714286,0.875,0,0.222222222222222,-0.487179487179487,0.555555555555556,2.22222222222222,4.44444444444444,0.410714285714286,0.149872448979592,-0.02875,0.0295061383928576,0.068720606296618,"Santa Barbara"
2008,8,9,0.0417318727177882,0.0440066938674143,0.0187793427230047,0.145539906103286,0.111111111111111,0.117167822421991,0.05,0.714285714285714,0.142857142857143,0.25,-0.565217391304348,0.321428571428571,1.125,2.25,0.523809523809524,0.171428571428571,0.364197530864197,0.4346875,0.0881373891497131,"Los Angeles"
2008,1,0,NA,NA,NA,0,NA,NA,NA,NA,NA,NA,NA,NA,0,0,NA,NA,0,0,NA,"Unknown Ports"
2009,10,4,0.0316455696202532,0.024054333862851,0.0263713080168776,0.0654008438818565,0.25,0.190029237516523,0.208333333333333,0.333333333333333,0,0.2,-0.666666666666667,0.0888888888888889,0.4,0.8,0.305555555555556,0.208333333333333,0.21875,0.291111111111111,0.049929676511955,"Puget Sound"
2009,6,1,NA,NA,NA,0,NA,NA,NA,0.2,0,0.333333333333333,NA,0.0666666666666667,0.166666666666667,0.333333333333333,0.2,0.2,-0.5,-0.5,NA,"North WA Coast"
2009,8,11,0.0268910478834143,0.0209655370790686,0.017175572519084,0.0629770992366412,0.0909090909090909,0.0708770414802061,0.0580645161290323,0.857142857142857,0.142857142857143,0.25,-0.599406528189912,0.392857142857143,1.375,2.75,0.619047619047619,0.261751152073733,-0.173553719008264,-0.220374609781478,0.0432367755367017,"WA Coast"
2009,8,11,0.0268910478834143,0.0209655370790686,0.017175572519084,0.0629770992366412,0.0909090909090909,0.0708770414802061,0.0580645161290323,0.857142857142857,0.142857142857143,0.25,-0.599406528189912,0.392857142857143,1.375,2.75,0.619047619047619,0.261751152073733,-0.173553719008264,-0.220374609781478,0.0432367755367017,"WA Coast"
2009,8,12,0.0475113122171946,0.0312601484030659,0.0361990950226244,0.122171945701357,0.0833333333333333,0.0548293079133141,0.0634920634920635,0.857142857142857,0,0.25,-0.352727272727272,0.428571428571429,1.5,3,0.571428571428571,0.134920634920635,0.111111111111111,0.228993449231545,0.0680789798436857,"Astoria"
2009,6,3,0.119047619047619,0.0412393049421161,0.142857142857143,0.142857142857143,0.333333333333333,0.115470053837925,0.4,0.4,0,0.333333333333333,NA,0.2,0.5,1,0.3,0.21,0,0,0.133333333333333,"Tillamook"
2009,1,0,NA,NA,NA,0,NA,NA,NA,NA,NA,NA,NA,NA,0,0,NA,NA,0,0,NA,"Columbia River"
2009,6,10,0.100392156862745,0.0849612868647231,0.0745098039215686,0.270588235294118,0.1,0.0846294068379078,0.07421875,1,0.4,0.333333333333333,-0.531531531531532,0.666666666666667,1.66666666666667,3.33333333333333,0.5,0.223828125,-0.185,-0.230667114257812,0.172294389978214,"Newport"
2009,6,12,0.0895061728395062,0.0670412844113347,0.0648148148148148,0.231481481481481,0.0833333333333333,0.0624177475553806,0.0603448275862069,1,0.6,0.333333333333333,-0.43478260869565,0.8,2,4,0.3,0.157758620689655,-0.00347222222222229,0.0139714625445897,0.139720964433608,"Coos Bay"
2009,5,8,0.124,0.128142777512318,0.04,0.312,0.125,0.129176187008385,0.0403225806451613,1,0.5,0.4,-0.548387096774194,0.8,1.6,3.2,0.333333333333333,0.230174731182796,0,-4.44089209850063e-16,0.256423963133641,"Brookings"
2009,5,4,0.0555555555555556,0.0250974417473681,0.0515873015873016,0.0873015873015873,0.25,0.112938487863156,0.232142857142857,0.75,0.25,0.4,-0.666666666666667,0.4,0.8,1.6,0.583333333333333,0.438988095238095,0.21875,0.0758928571428569,0.0668934240362812,"Crescent City"
2009,5,6,0.0767195767195767,0.0661481473017227,0.0515873015873016,0.198412698412698,0.166666666666667,0.143701147586501,0.112068965517241,1,0.25,0.4,-0.714285714285714,0.6,1.2,2.4,0.666666666666667,0.48132183908046,-0.236111111111111,-0.294292508917955,0.133752964787448,"Eureka"
2009,8,12,0.0715339233038348,0.0551311140972959,0.0442477876106195,0.212389380530973,0.0833333333333333,0.0642249061133447,0.0515463917525773,0.714285714285714,0,0.25,-0.454545454545455,0.428571428571429,1.5,3,0.380952380952381,0.21060382916053,-0.177083333333333,-0.208045488362206,0.11402341082571,"Morro Bay"
2009,6,6,0.0735735735735736,0.0416433259842614,0.0585585585585586,0.144144144144144,0.166666666666667,0.0943348813112861,0.13265306122449,0.6,0,0.333333333333333,NA,0.4,1,2,0.3,0.228571428571429,-0.25,-0.268638067471887,0.0971440828583686,"Fort Bragg"
2009,6,1,NA,NA,NA,0,NA,NA,NA,0.2,0,0.333333333333333,NA,0.0666666666666667,0.166666666666667,0.333333333333333,0.2,0.2,-0.5,-0.5,NA,"Bodega Bay"
2009,5,8,0.0684306569343066,0.0326287519699998,0.0766423357664234,0.102189781021898,0.125,0.0596018535985329,0.14,1,0.5,0.4,-0.548387096774194,0.8,1.6,3.2,0.333333333333333,0.125,-0.2109375,-0.233333333333333,0.0839885297184567,"San Francisco"
2009,7,6,0.0809061488673139,0.0541140581646045,0.0776699029126214,0.145631067961165,0.166666666666667,0.111474959819085,0.16,0.666666666666667,0,0.285714285714286,-0.68,0.285714285714286,0.857142857142857,1.71428571428571,0.533333333333333,0.29,0,2.22044604925031e-16,0.117100323624595,"San Diego"
2009,7,6,0.0476190476190476,0.0170367083999984,0.0428571428571429,0.0761904761904762,0.166666666666667,0.0596284793999944,0.15,0.5,0,0.285714285714286,-0.285714285714287,0.285714285714286,0.857142857142857,1.71428571428571,0.3,0.183333333333333,-0.222222222222222,-0.233888888888889,0.0537142857142857,"Monterey"
2009,8,20,0.0385775862068966,0.0283675572114796,0.0301724137931034,0.120689655172414,0.05,0.0367668897936495,0.0391061452513966,1,0.142857142857143,0.25,-0.412300683371294,0.714285714285714,2.5,5,0.380952380952381,0.162809257781325,-0.13875,-0.163337598701663,0.0594373232010869,"Santa Barbara"
2009,10,14,0.0444677871148459,0.0421886076816232,0.0245098039215686,0.17156862745098,0.0714285714285714,0.0677675272996151,0.0393700787401575,0.666666666666667,0,0.2,-0.303030303030303,0.311111111111111,1.4,2.8,0.444444444444444,0.140748031496063,0.0918367346938775,0.308419616839234,0.084494033834006,"Los Angeles"
2009,1,0,NA,NA,NA,0,NA,NA,NA,NA,NA,NA,NA,NA,0,0,NA,NA,0,0,NA,"Unknown Ports"
2010,9,5,0.0219917012448133,0.0198780739701303,0.0103734439834025,0.0539419087136929,0.2,0.180777955728354,0.0943396226415094,0.5,0,0.222222222222222,-0.739130434782609,0.138888888888889,0.555555555555556,1.11111111111111,0.464285714285714,0.329514824797844,0.22,0.153791384834461,0.0399592891254991,"Puget Sound"
2010,8,2,0.151041666666667,0.169410999659277,0.151041666666667,0.270833333333333,0.5,0.560808826458296,0.5,0.285714285714286,0,0.25,-1,0.0714285714285714,0.25,0.5,0.285714285714286,0.214285714285714,-0.375,-0.453626634958383,0.341056034482759,"North WA Coast"
2010,6,8,0.0298672566371681,0.0220947975547625,0.0256637168141593,0.0584070796460177,0.125,0.0924708193958577,0.107407407407407,0.8,0.2,0.333333333333333,-0.466666666666667,0.533333333333333,1.33333333333333,2.66666666666667,0.4,0.246666666666667,0,4.44089209850063e-16,0.046212248911364,"WA Coast"
2010,6,8,0.0298672566371681,0.0220947975547625,0.0256637168141593,0.0584070796460177,0.125,0.0924708193958577,0.107407407407407,0.8,0.2,0.333333333333333,-0.466666666666667,0.533333333333333,1.33333333333333,2.66666666666667,0.4,0.246666666666667,0,4.44089209850063e-16,0.046212248911364,"WA Coast"
2010,7,10,0.0331775700934579,0.0209500110013644,0.0233644859813084,0.0794392523364486,0.1,0.0631451035815772,0.0704225352112676,0.833333333333333,0,0.285714285714286,-0.382978723404256,0.476190476190476,1.42857142857143,2.85714285714286,0.5,0.194366197183099,0.075,0.154632017456854,0.0464064762406213,"Astoria"
2010,7,4,0.121951219512195,0.0597436522630043,0.109756097560976,0.195121951219512,0.25,0.122474487139159,0.225,0.5,0,0.285714285714286,-0.666666666666667,0.19047619047619,0.571428571428571,1.14285714285714,0.433333333333333,0.329166666666667,0.21875,0.0549999999999999,0.151219512195122,"Tillamook"
2010,1,0,NA,NA,NA,0,NA,NA,NA,NA,NA,NA,NA,NA,0,0,NA,NA,0,0,NA,"Columbia River"
2010,7,14,0.0621848739495798,0.0583258411677406,0.0352941176470588,0.172549019607843,0.0714285714285714,0.066995898638621,0.0405405405405405,1,0.333333333333333,0.285714285714286,-0.643192488262911,0.666666666666667,2,4,0.466666666666667,0.219144144144144,-0.163265306122449,-0.210656602548495,0.116891163949987,"Newport"
2010,7,12,0.0790682414698163,0.0674525479200346,0.0511811023622047,0.204724409448819,0.0833333333333333,0.0710910671024431,0.0539419087136929,0.833333333333333,0,0.285714285714286,-0.43478260869565,0.571428571428571,1.71428571428571,3.42857142857143,0.366666666666667,0.180497925311203,-0.00347222222222229,0.0307759852619617,0.136611524794784,"Coos Bay"
2010,5,6,0.148854961832061,0.129972900852466,0.141221374045802,0.282442748091603,0.166666666666667,0.145525213774983,0.158119658119658,0.75,0,0.4,NA,0.6,1.2,2.4,0.25,0.207977207977208,0,2.22044604925031e-16,0.26234096692112,"Brookings"
2010,6,5,0.0659090909090909,0.0203278907045435,0.0795454545454545,0.0795454545454545,0.2,0.0616846338620632,0.241379310344828,0.8,0,0.333333333333333,-0.805555555555556,0.333333333333333,0.833333333333333,1.66666666666667,0.7,0.422413793103448,-0.26,-0.282401902497027,0.0721786833855799,"Crescent City"
2010,5,6,0.105555555555556,0.0640457012753538,0.0875,0.2,0.166666666666667,0.101124791487401,0.138157894736842,0.75,0.25,0.4,-0.285714285714287,0.6,1.2,2.4,0.25,0.323464912280702,0,0,0.144415204678363,"Eureka"
2010,9,16,0.0591085271317829,0.0378577223165109,0.0426356589147287,0.13953488372093,0.0625,0.0400298867117206,0.0450819672131148,0.75,0,0.222222222222222,-0.371428571428571,0.444444444444444,1.77777777777778,3.55555555555556,0.392857142857143,0.119364754098361,0,-1.33226762955019e-15,0.0833555724996823,"Morro Bay"
2010,5,7,0.065,0.04,0.07,0.105,0.142857142857143,0.0879120879120879,0.153846153846154,1,0.25,0.4,-0.555555555555554,0.7,1.4,2.8,0.5,0.212912087912088,-0.224489795918367,-0.247675401521555,0.0896153846153846,"Fort Bragg"
2010,6,3,0.114427860696517,0.0902748622468858,0.082089552238806,0.216417910447761,0.333333333333333,0.262974598719189,0.239130434782609,0.4,0,0.333333333333333,NA,0.2,0.5,1,0.3,0.241304347826087,0,0,0.185647847717932,"Bodega Bay"
2010,6,8,0.0556569343065693,0.0546488562740812,0.0364963503649635,0.164233576642336,0.125,0.122735955894248,0.0819672131147541,0.8,0.2,0.333333333333333,-0.466666666666667,0.533333333333333,1.33333333333333,2.66666666666667,0.4,0.371311475409836,-0.203125,-0.276337006181134,0.109315971213183,"San Francisco"
2010,6,3,0.0555555555555556,0.0452823740540883,0.0294117647058824,0.107843137254902,0.333333333333333,0.27169424432453,0.176470588235294,0.6,0,0.333333333333333,-1,0.2,0.5,1,0.6,0.4,-0.333333333333333,-0.370242214532872,0.0924644367550942,"San Diego"
2010,10,17,0.0540738034344172,0.0363343888138208,0.0372670807453416,0.136645962732919,0.0588235294117647,0.0395259229663861,0.0405405405405405,0.777777777777778,0.111111111111111,0.2,-0.209349593495934,0.377777777777778,1.7,3.4,0.5,0.166103603603604,0.0709342560553632,0.264084185536888,0.0784883577402759,"Monterey"
2010,8,17,0.0365349264705882,0.0303816481005039,0.0234375,0.12890625,0.0588235294117647,0.0489163642372892,0.0377358490566038,0.857142857142857,0,0.25,-0.296610169491532,0.607142857142857,2.125,4.25,0.333333333333333,0.126834381551363,-0.0363321799307958,0.11603575807919,0.0617996424690159,"Santa Barbara"
2010,8,7,0.021724818959842,0.00829249226582892,0.0184331797235023,0.0368663594470046,0.142857142857143,0.0545294188389356,0.121212121212121,0.428571428571429,0,0.25,0.363636363636363,0.25,0.875,1.75,0.238095238095238,0.136363636363636,0.285714285714286,0.268595041322314,0.0248901124477161,"Los Angeles"
2010,2,0,NA,NA,NA,0,NA,NA,NA,0,0,NA,NA,0,0,0,NA,NA,0,0,NA,"Unknown Ports"
2011,10,6,0.0183109118086697,0.0145596111650061,0.0123318385650224,0.0403587443946188,0.166666666666667,0.132522175093729,0.112244897959184,0.444444444444444,0,0.2,-0.714285714285714,0.133333333333333,0.6,1.2,0.388888888888889,0.279761904761905,0.319444444444444,0.318825489379426,0.029887739849303,"Puget Sound"
2011,5,1,NA,NA,NA,0,NA,NA,NA,0.25,0,0.4,NA,0.1,0.2,0.4,0.25,0.25,-0.5,-0.5,NA,"North WA Coast"
2011,8,12,0.03125,0.0352055305829687,0.0135869565217391,0.114130434782609,0.0833333333333333,0.0938814148879165,0.036231884057971,0.857142857142857,0.142857142857143,0.25,-0.575757575757576,0.428571428571429,1.5,3,0.571428571428571,0.34322521279043,-0.166666666666667,-0.249013979322738,0.070911740276107,"WA Coast"
2011,8,12,0.03125,0.0352055305829687,0.0135869565217391,0.114130434782609,0.0833333333333333,0.0938814148879165,0.036231884057971,0.857142857142857,0.142857142857143,0.25,-0.575757575757576,0.428571428571429,1.5,3,0.571428571428571,0.34322521279043,-0.166666666666667,-0.249013979322738,0.070911740276107,"WA Coast"
2011,8,11,0.0477502295684114,0.0348714341330588,0.0353535353535354,0.121212121212121,0.0909090909090909,0.0663898457533234,0.0673076923076923,0.714285714285714,0,0.25,-0.195652173913043,0.392857142857143,1.375,2.75,0.428571428571429,0.166666666666667,0.115702479338843,0.20987426035503,0.0732164300346119,"Astoria"
2011,6,7,0.130541871921182,0.0776545949282485,0.103448275862069,0.293103448275862,0.142857142857143,0.0849805001101587,0.113207547169811,0.8,0,0.333333333333333,-0.555555555555554,0.466666666666667,1.16666666666667,2.33333333333333,0.5,0.188679245283019,-0.224489795918367,-0.248843004627981,0.176735756111163,"Tillamook"
2011,1,0,NA,NA,NA,0,NA,NA,NA,NA,NA,NA,NA,NA,0,0,NA,NA,0,0,NA,"Columbia River"
2011,6,12,0.0706018518518518,0.0623654087665973,0.0538194444444444,0.21875,0.0833333333333333,0.0736116300195902,0.0635245901639344,1,0.6,0.333333333333333,-0.43478260869565,0.8,2,4,0.3,0.194262295081967,-0.173611111111111,-0.213988175221715,0.125691684605619,"Newport"
2011,6,13,0.0811188811188811,0.0717943514799661,0.0545454545454545,0.236363636363636,0.0769230769230769,0.0680808505413471,0.0517241379310345,1,0.6,0.333333333333333,-0.444444444444446,0.866666666666667,2.16666666666667,4.33333333333333,0.2,0.219827586206897,-0.0355029585798816,0.00638191141498214,0.144660547785548,"Coos Bay"
2011,5,9,0.138095238095238,0.0865288674256123,0.135714285714286,0.257142857142857,0.111111111111111,0.069620927813711,0.109195402298851,1,0.75,0.4,-0.499999999999998,0.9,1.8,3.6,0.166666666666667,0.134099616858237,-0.203703703703704,-0.23505416831814,0.192313218390805,"Brookings"
2011,4,4,0.0581395348837209,0.0328886874970487,0.0465116279069767,0.104651162790698,0.25,0.14142135623731,0.2,1,0.333333333333333,0.5,-0.714285714285714,0.666666666666667,1,2,0.666666666666667,0.466666666666667,0,0.0549999999999999,0.0767441860465116,"Crescent City"
2011,5,6,0.0856481481481482,0.0766619697970821,0.0555555555555556,0.215277777777778,0.166666666666667,0.149180049334862,0.108108108108108,1,0.25,0.4,-0.714285714285714,0.6,1.2,2.4,0.666666666666667,0.427927927927928,-0.236111111111111,-0.297753834915997,0.154266766766767,"Eureka"
2011,9,15,0.072972972972973,0.0320195729559293,0.0675675675675676,0.128378378378378,0.0666666666666667,0.0292524493671453,0.0617283950617284,0.75,0,0.222222222222222,-0.545961002785516,0.416666666666667,1.66666666666667,3.33333333333333,0.428571428571429,0.149305555555556,-0.0422222222222222,0.0281016613321141,0.087022737022737,"Morro Bay"
2011,5,6,0.0571428571428571,0.0338061701891407,0.0738095238095238,0.0904761904761905,0.166666666666667,0.0986013297183269,0.215277777777778,0.75,0,0.4,NA,0.6,1.2,2.4,0.25,0.256944444444445,-0.25,-0.270543981481482,0.0771428571428571,"Fort Bragg"
2011,5,2,0.126373626373626,0.155408083777263,0.126373626373626,0.236263736263736,0.5,0.614875461901346,0.5,0.5,0,0.4,-1,0.2,0.4,0.8,0.5,0.375,-0.375,-0.469517958412098,0.317486860965122,"Bodega Bay"
2011,8,11,0.0513833992094862,0.0681018957735137,0.0341614906832298,0.251552795031056,0.0909090909090909,0.120487969445447,0.0604395604395604,0.714285714285714,0,0.25,-0.447368421052629,0.392857142857143,1.375,2.75,0.428571428571429,0.233908948194663,-0.103305785123967,0.0640472165197439,0.141643449717984,"San Francisco"
2011,7,6,0.0748587570621469,0.0480641229581174,0.0677966101694915,0.152542372881356,0.166666666666667,0.107010688850148,0.150943396226415,0.833333333333333,0,0.285714285714286,-0.833333333333333,0.285714285714286,0.857142857142857,1.71428571428571,0.766666666666667,0.262264150943396,0,0,0.105719006502505,"San Diego"
2011,10,20,0.0475663716814159,0.0326063359715262,0.0376106194690266,0.128318584070796,0.05,0.0342745671142555,0.0395348837209302,0.666666666666667,0,0.2,0.574468085106385,0.444444444444444,2,4,0.277777777777778,0.177325581395349,0.0450000000000001,0.112796106003245,0.0699177326935367,"Monterey"
2011,10,26,0.0440900562851782,0.0337509494424084,0.0345528455284553,0.146341463414634,0.0384615384615385,0.0294423175986967,0.0301418439716312,0.777777777777778,0,0.2,-0.322033898305079,0.577777777777778,2.6,5.2,0.25,0.0957446808510638,-0.0384615384615384,0.0600573411800213,0.0699264167764427,"Santa Barbara"
2011,10,9,0.037037037037037,0.0294436306827825,0.029535864978903,0.109704641350211,0.111111111111111,0.0883308920483474,0.0886075949367089,0.555555555555556,0,0.2,-0.229813664596273,0.2,0.9,1.8,0.444444444444444,0.106891701828411,0.277777777777778,0.474683544303797,0.0604440765072074,"Los Angeles"
2011,2,0,NA,NA,NA,0,NA,NA,NA,0,0,NA,NA,0,0,0,NA,NA,0,0,NA,"Unknown Ports"
2012,10,3,0.0354609929078014,0.0162502684218292,0.0319148936170213,0.0531914893617021,0.333333333333333,0.152752523165195,0.3,0.222222222222222,0,0.2,-0.5,0.0666666666666667,0.3,0.6,0.194444444444444,0.208333333333333,0.444444444444444,0.32,0.0429078014184397,"Puget Sound"
2012,5,1,NA,NA,NA,0,NA,NA,NA,0.25,0,0.4,NA,0.1,0.2,0.4,0.25,0.25,-0.5,-0.5,NA,"North WA Coast"
2012,7,10,0.0294117647058824,0.0293606582125268,0.0174632352941176,0.0882352941176471,0.1,0.0998262379225912,0.059375,0.833333333333333,0.166666666666667,0.285714285714286,-0.333333333333334,0.476190476190476,1.42857142857143,2.85714285714286,0.5,0.317916666666667,0.0349999999999998,0.0184375000000002,0.0587214052287582,"WA Coast"
2012,3,0,NA,NA,NA,0,NA,NA,NA,0,0,NA,NA,0,0,0,0,NA,0,0,NA,"Other Coastal Washington"
2012,8,10,0.0364583333333333,0.0273403051180966,0.0234375,0.09375,0.1,0.0749905511810649,0.0642857142857143,0.714285714285714,0.142857142857143,0.25,-0.236559139784947,0.357142857142857,1.25,2.5,0.476190476190476,0.168707482993197,0.215,0.24969387755102,0.0569609788359788,"Astoria"
2012,5,6,0.113756613756614,0.0760691273495265,0.0873015873015873,0.253968253968254,0.166666666666667,0.111450116814423,0.127906976744186,0.75,0,0.4,NA,0.6,1.2,2.4,0.25,0.267441860465116,-0.25,-0.274472687939427,0.164624092531069,"Tillamook"
2012,1,0,NA,NA,NA,0,NA,NA,NA,NA,NA,NA,NA,NA,0,0,NA,NA,0,0,NA,"Columbia River"
2012,8,15,0.0566552901023891,0.0451087792959548,0.0511945392491468,0.170648464163823,0.0666666666666667,0.0530798085691355,0.0602409638554217,1,0.142857142857143,0.25,-0.648122392211405,0.535714285714286,1.875,3.75,0.619047619047619,0.185886402753873,-0.157777777777778,-0.191021112562701,0.092570770649639,"Newport"
2012,7,17,0.0466031483015742,0.035266888546831,0.0352112676056338,0.144366197183099,0.0588235294117647,0.0445146504324445,0.0444444444444445,1,0.666666666666667,0.285714285714286,-0.416666666666664,0.809523809523809,2.42857142857143,4.85714285714286,0.266666666666667,0.126,0.00692041522491355,0.00675555555555548,0.0732913329651109,"Coos Bay"
2012,7,13,0.0881801125703565,0.0671477497707288,0.0487804878048781,0.195121951219512,0.0769230769230769,0.0585756966085081,0.0425531914893617,0.833333333333333,0,0.285714285714286,-0.444444444444446,0.619047619047619,1.85714285714286,3.71428571428571,0.3,0.153723404255319,-0.171597633136095,-0.210601516523314,0.139312053411041,"Brookings"
2012,3,2,0.0575221238938053,0.0187727464031827,0.0575221238938053,0.0707964601769911,0.5,0.163178487966126,0.5,1,0.5,0.666666666666667,-1,0.666666666666667,0.666666666666667,1.33333333333333,1,0.75,-0.375,-0.381656804733728,0.0636487406398911,"Crescent City"
2012,5,7,0.0766550522648084,0.0727338876137564,0.0609756097560976,0.23780487804878,0.142857142857143,0.135549517825637,0.113636363636364,1,0.25,0.4,-0.555555555555554,0.7,1.4,2.8,0.5,0.293560606060606,-0.224489795918367,-0.268013946280992,0.14566835603421,"Eureka"
2012,8,11,0.058041958041958,0.0308390815532654,0.0538461538461538,0.130769230769231,0.0909090909090909,0.0483021759268011,0.0843373493975904,0.714285714285714,0,0.25,-0.275362318840579,0.392857142857143,1.375,2.75,0.428571428571429,0.234939759036145,-0.165289256198347,-0.190811438525185,0.0744275002106327,"Morro Bay"
2012,4,3,0.0486358244365362,0.017911825469207,0.0462633451957295,0.0676156583629893,0.333333333333333,0.122761535532858,0.317073170731707,0.666666666666667,0,0.5,NA,0.5,0.75,1.5,0.333333333333333,0.280487804878049,0,0,0.0552324740329254,"Fort Bragg"
2012,5,3,0.091710758377425,0.0995965284197213,0.0423280423280423,0.206349206349206,0.333333333333333,0.361995074448603,0.153846153846154,0.5,0,0.4,NA,0.3,0.6,1.2,0.333333333333333,0.314903846153846,-0.333333333333333,-0.398853550295858,0.199871116537783,"Bodega Bay"
2012,9,18,0.0334578275754746,0.0453245405068898,0.0196078431372549,0.210084033613445,0.0555555555555556,0.0752598184230682,0.0325581395348837,0.875,0,0.222222222222222,-0.377391304347824,0.5,2,4,0.482142857142857,0.215946843853821,0.037037037037037,0.150708491076257,0.0948579279713101,"San Francisco"
2012,8,9,0.0606060606060606,0.0389833931076719,0.0330578512396694,0.107438016528926,0.111111111111111,0.0714695540307319,0.0606060606060606,0.714285714285714,0,0.25,-0.588235294117648,0.321428571428571,1.125,2.25,0.523809523809524,0.237373737373737,0.0308641975308642,0.0522268135904499,0.0856811920861508,"San Diego"
2012,11,13,0.049199531433034,0.0266505209285999,0.0558375634517767,0.101522842639594,0.0769230769230769,0.041667877959795,0.0873015873015873,0.6,0,0.181818181818182,-0.202643171806167,0.236363636363636,1.18181818181818,2.36363636363636,0.444444444444444,0.188095238095238,0.0562130177514793,0.148305618543714,0.0636356499300662,"Monterey"
2012,6,9,0.0380952380952381,0.0388827732311381,0.0204081632653061,0.126530612244898,0.111111111111111,0.113408088590819,0.0595238095238095,0.8,0,0.333333333333333,-0.499999999999998,0.6,1.5,3,0.3,0.258928571428571,-0.203703703703704,-0.256023242630385,0.0777818270165209,"Santa Barbara"
2012,10,15,0.0318555008210181,0.0245506562829152,0.0246305418719212,0.113300492610837,0.0666666666666667,0.051379208509606,0.0515463917525773,0.777777777777778,0,0.2,-0.399176954732509,0.333333333333333,1.5,3,0.555555555555556,0.126288659793814,0.0977777777777778,0.30757785099373,0.0507764001441316,"Los Angeles"
2012,1,0,NA,NA,NA,0,NA,NA,NA,NA,NA,NA,NA,NA,0,0,NA,NA,0,0,NA,"Unknown Ports"
2013,10,3,0.0383795309168444,0.0189513740241271,0.0319829424307036,0.0597014925373134,0.333333333333333,0.164596192913252,0.277777777777778,0.222222222222222,0,0.2,-0.5,0.0666666666666667,0.3,0.6,0.194444444444444,0.207047325102881,0.444444444444444,0.324417009602195,0.0477375029613836,"Puget Sound"
2013,6,2,0.0578947368421053,0.00744322927564787,0.0578947368421053,0.0631578947368421,0.5,0.0642824346533225,0.5,0.4,0,0.333333333333333,-1,0.133333333333333,0.333333333333333,0.666666666666667,0.4,0.3,-0.375,-0.37603305785124,0.0588516746411483,"North WA Coast"
2013,7,10,0.0278350515463918,0.0313889514609804,0.0154639175257732,0.0927835051546392,0.1,0.112767714507967,0.0555555555555556,0.833333333333333,0.166666666666667,0.285714285714286,-0.239669421487602,0.476190476190476,1.42857142857143,2.85714285714286,0.5,0.301028806584362,0.12,0.0456485291876241,0.0632316547169545,"WA Coast"
2013,2,0,NA,NA,NA,0,NA,NA,NA,0,0,NA,NA,0,0,0,NA,NA,0,0,NA,"Other Coastal Washington"
2013,8,12,0.04337899543379,0.0338079002752135,0.0273972602739726,0.123287671232877,0.0833333333333333,0.0649467557918575,0.0526315789473684,0.714285714285714,0,0.25,-0.241379310344827,0.428571428571429,1.5,3,0.380952380952381,0.0964912280701754,0.152777777777778,0.33329485995691,0.0697275567499071,"Astoria"
2013,6,7,0.0714285714285714,0.0515406099558037,0.0454545454545455,0.170454545454545,0.142857142857143,0.103081219911607,0.0909090909090909,0.8,0,0.333333333333333,-0.555555555555554,0.466666666666667,1.16666666666667,2.33333333333333,0.5,0.261363636363636,-0.224489795918367,-0.255940082644628,0.1086186540732,"Tillamook"
2013,1,0,NA,NA,NA,0,NA,NA,NA,NA,NA,NA,NA,NA,0,0,NA,NA,0,0,NA,"Columbia River"
2013,7,10,0.0721311475409836,0.0643417968504263,0.0524590163934426,0.219672131147541,0.1,0.0892011274517274,0.0727272727272727,0.833333333333333,0,0.285714285714286,-0.666666666666666,0.476190476190476,1.42857142857143,2.85714285714286,0.5,0.172272727272727,-0.19,-0.230681818181818,0.129524755754264,"Newport"
2013,7,18,0.052266081871345,0.0553419855673621,0.0444078947368421,0.253289473684211,0.0555555555555556,0.0588250475960772,0.0472027972027972,1,0.666666666666667,0.285714285714286,-0.499999999999996,0.857142857142857,2.57142857142857,5.14285714285714,0.2,0.152156177156177,-0.0432098765432099,0.109192381045528,0.110864990702452,"Coos Bay"
2013,6,13,0.0777972027972028,0.0626025594210739,0.0625,0.221590909090909,0.0769230769230769,0.0618991598770168,0.0617977528089888,1,0.6,0.333333333333333,-0.444444444444446,0.866666666666667,2.16666666666667,4.33333333333333,0.2,0.185393258426966,-0.171597633136095,-0.210437444767075,0.128172798643304,"Brookings"
2013,5,3,0.0673400673400673,0.0154295477944641,0.0707070707070707,0.0808080808080808,0.333333333333333,0.0763762615825973,0.35,0.75,0,0.4,-1,0.3,0.6,1.2,0.75,0.5,-0.333333333333333,-0.33625,0.0708754208754209,"Crescent City"
2013,6,7,0.0618034447821682,0.071944669757403,0.0354609929078014,0.219858156028369,0.142857142857143,0.166298335013014,0.0819672131147541,0.8,0,0.333333333333333,-0.5,0.466666666666667,1.16666666666667,2.33333333333333,0.5,0.364754098360656,0.0306122448979591,0.0730986294006983,0.145553396338189,"Eureka"
2013,7,12,0.075,0.0553911709406997,0.0583333333333333,0.225,0.0833333333333333,0.0615457454896664,0.0648148148148148,0.833333333333333,0,0.285714285714286,-0.454545454545455,0.571428571428571,1.71428571428571,3.42857142857143,0.366666666666667,0.227777777777778,-0.177083333333333,-0.209276406035665,0.115909090909091,"Morro Bay"
2013,7,7,0.0549828178694158,0.0310548492823046,0.0584192439862543,0.0927835051546392,0.142857142857143,0.0806871530459878,0.151785714285714,0.666666666666667,0,0.285714285714286,-0.555555555555554,0.333333333333333,1,2,0.466666666666667,0.192708333333333,-0.224489795918367,-0.255341198979592,0.0725229095074456,"Fort Bragg"
2013,4,3,0.0885416666666667,0.0767235409513346,0.046875,0.177083333333333,0.333333333333333,0.288841565934436,0.176470588235294,0.666666666666667,0,0.5,NA,0.5,0.75,1.5,0.333333333333333,0.343137254901961,-0.333333333333333,-0.375048058439062,0.155024509803922,"Bodega Bay"
2013,10,20,0.0344559585492228,0.0422199898418292,0.0272020725388601,0.207253886010363,0.05,0.0612666018005491,0.0394736842105263,0.777777777777778,0,0.2,-0.473087818696885,0.444444444444444,2,4,0.416666666666667,0.182800751879699,-0.05,0.103079597489965,0.0861894646624743,"San Francisco"
2013,5,6,0.0392953929539295,0.0288207273087164,0.0284552845528455,0.0975609756097561,0.166666666666667,0.12223963651628,0.120689655172414,1,0.25,0.4,-0.714285714285714,0.6,1.2,2.4,0.666666666666667,0.373563218390805,-0.236111111111111,-0.282996432818074,0.0604336043360434,"San Diego"
2013,10,18,0.0655105973025048,0.0371447972581431,0.0606936416184971,0.132947976878613,0.0555555555555556,0.0315002447336213,0.0514705882352941,0.666666666666667,0,0.2,0.353680430879712,0.4,1.8,3.6,0.333333333333333,0.110906862745098,0.104938271604938,0.127835447904651,0.0865718609783254,"Monterey"
2013,7,12,0.0320512820512821,0.0339369681052818,0.0161943319838057,0.133603238866397,0.0833333333333333,0.0882361170737328,0.0421052631578947,0.833333333333333,0,0.285714285714286,-0.454545454545455,0.571428571428571,1.71428571428571,3.42857142857143,0.366666666666667,0.197894736842105,0,0.19590027700831,0.0679848775416642,"Santa Barbara"
2013,7,7,0.040447504302926,0.0343803517305304,0.0240963855421687,0.114457831325301,0.142857142857143,0.121428476324852,0.0851063829787234,0.833333333333333,0,0.285714285714286,-0.625,0.333333333333333,1,2,0.7,0.172340425531915,0.122448979591837,0.28700769578995,0.0696707803859816,"Los Angeles"
2013,1,0,NA,NA,NA,0,NA,NA,NA,NA,NA,NA,NA,NA,0,0,NA,NA,0,0,NA,"Unknown Ports"
2014,10,5,0.0251716247139588,0.0160183066361556,0.0320366132723112,0.0411899313501144,0.2,0.127272727272727,0.254545454545455,0.333333333333333,0,0.2,-0.562499999999999,0.111111111111111,0.5,1,0.277777777777778,0.151515151515152,0.08,0.330413223140496,0.0353650925733306,"Puget Sound"
2014,6,3,0.163398692810458,0.172708630872207,0.0686274509803922,0.362745098039216,0.333333333333333,0.352325606979302,0.14,0.4,0,0.333333333333333,NA,0.2,0.5,1,0.3,0.246,0,4.44089209850063e-16,0.345947712418301,"North WA Coast"
2014,6,7,0.0440386680988185,0.0336050614780639,0.0300751879699248,0.0977443609022556,0.142857142857143,0.109011540892256,0.0975609756097561,0.8,0,0.333333333333333,-0.555555555555554,0.466666666666667,1.16666666666667,2.33333333333333,0.5,0.266768292682927,0,4.44089209850063e-16,0.0696820448333377,"WA Coast"
2014,1,0,NA,NA,NA,0,NA,NA,NA,NA,NA,NA,NA,NA,0,0,NA,NA,0,0,NA,"Other Coastal Washington"
2014,8,17,0.048653106102254,0.0452469068332864,0.0280373831775701,0.172897196261682,0.0588235294117647,0.0547052997871372,0.0338983050847458,1,0.285714285714286,0.25,-0.382530120481928,0.607142857142857,2.125,4.25,0.523809523809524,0.1151466236212,0.145328719723183,0.313559322033898,0.0907322813490991,"Astoria"
2014,5,6,0.0844748858447489,0.0436783709354087,0.0753424657534247,0.164383561643836,0.166666666666667,0.0861762453590495,0.148648648648649,0.75,0,0.4,NA,0.6,1.2,2.4,0.25,0.184684684684685,-0.25,-0.264061358655953,0.107059113908429,"Tillamook"
2014,1,0,NA,NA,NA,0,NA,NA,NA,NA,NA,NA,NA,NA,0,0,NA,NA,0,0,NA,"Columbia River"
2014,7,11,0.0707769738911607,0.0600994063319445,0.0588235294117647,0.200692041522491,0.0909090909090909,0.0771943485774755,0.0755555555555556,1,0.166666666666667,0.285714285714286,-0.7,0.523809523809524,1.57142857142857,3.14285714285714,0.666666666666667,0.202222222222222,-0.181818181818182,-0.223358024691358,0.121809653629723,"Newport"
2014,8,13,0.0827727405674174,0.0469073180511772,0.0722433460076046,0.216730038022814,0.0769230769230769,0.0435923132419067,0.0671378091872791,0.714285714285714,0,0.25,-0.444444444444446,0.464285714285714,1.625,3.25,0.333333333333333,0.111559818273599,-0.0355029585798816,0.0638976638489678,0.109355121091138,"Coos Bay"
2014,5,9,0.0994560994560995,0.0653928211613312,0.111888111888112,0.195804195804196,0.111111111111111,0.0730560423911747,0.125,1,0.75,0.4,-0.499999999999998,0.9,1.8,3.6,0.166666666666667,0.144856770833333,0,-4.44089209850063e-16,0.142452165889666,"Brookings"
2014,5,3,0.087719298245614,0.0331133089266261,0.0921052631578947,0.118421052631579,0.333333333333333,0.125830573921179,0.35,0.75,0,0.4,-1,0.3,0.6,1.2,0.75,0.5,-0.333333333333333,-0.34125,0.100219298245614,"Crescent City"
2014,6,11,0.0901116427432217,0.0581984205725487,0.0789473684210526,0.184210526315789,0.0909090909090909,0.0587134508431022,0.079646017699115,1,0.4,0.333333333333333,-0.39080459770115,0.733333333333333,1.83333333333333,3.66666666666667,0.4,0.169911504424779,-0.177685950413223,-0.21129297517425,0.127698973902979,"Eureka"
2014,9,14,0.0576923076923077,0.0389612507802016,0.0423076923076923,0.161538461538462,0.0714285714285714,0.048237739061202,0.0523809523809524,0.75,0,0.222222222222222,-0.519379844961241,0.388888888888889,1.55555555555556,3.11111111111111,0.464285714285714,0.169642857142857,0,1.11022302462516e-15,0.0840039447731755,"Morro Bay"
2014,6,7,0.0708705357142857,0.0561752872705213,0.0625,0.1796875,0.142857142857143,0.113235224734279,0.125984251968504,0.8,0,0.333333333333333,-0.555555555555554,0.466666666666667,1.16666666666667,2.33333333333333,0.5,0.251968503937008,-0.224489795918367,-0.274040548081096,0.115397684664417,"Fort Bragg"
2014,6,8,0.0666666666666667,0.0673102387038698,0.037037037037037,0.222222222222222,0.125,0.126206697569756,0.0694444444444444,0.8,0,0.333333333333333,-0.333333333333333,0.533333333333333,1.33333333333333,2.66666666666667,0.4,0.229166666666667,-0.03125,0.0508294753086421,0.134626690182246,"Bodega Bay"
2014,8,7,0.0615254951538137,0.0501598854323355,0.0501474926253687,0.165191740412979,0.142857142857143,0.116467131243573,0.116438356164384,0.571428571428571,0,0.25,-0.555555555555554,0.25,0.875,1.75,0.428571428571429,0.184279191128506,-0.224489795918367,-0.266138112216176,0.102419340872487,"San Francisco"
2014,7,9,0.093719806763285,0.072983642388488,0.0956521739130435,0.260869565217391,0.111111111111111,0.0865269987080012,0.11340206185567,0.833333333333333,0.166666666666667,0.285714285714286,-0.602739726027398,0.428571428571429,1.28571428571429,2.57142857142857,0.566666666666667,0.288659793814433,-0.191358024691358,-0.24083324476565,0.15055530653917,"San Diego"
2014,10,22,0.0539606592238171,0.0336632710035174,0.0467836257309941,0.12280701754386,0.0454545454545455,0.0283567455251305,0.0394088669950739,0.777777777777778,0,0.2,-0.241025641025644,0.488888888888889,2.2,4.4,0.361111111111111,0.139778325123153,0.0423553719008265,0.0598776966196709,0.0749614370304025,"Monterey"
2014,7,6,0.0271317829457364,0.0285877347512958,0.0155038759689922,0.0852713178294574,0.166666666666667,0.175610370615103,0.0952380952380952,0.666666666666667,0,0.285714285714286,-0.466666666666667,0.285714285714286,0.857142857142857,1.71428571428571,0.533333333333333,0.35,0.208333333333333,0.182539682539682,0.0572535991140642,"Santa Barbara"
2014,9,14,0.0464285714285714,0.0260945629708662,0.0428571428571429,0.0857142857142857,0.0714285714285714,0.0401454814936403,0.0659340659340659,0.75,0.125,0.222222222222222,-0.242424242424242,0.388888888888889,1.55555555555556,3.11111111111111,0.464285714285714,0.181024332810047,0.102040816326531,0.157227387996619,0.061094674556213,"Los Angeles"
2014,9,14,0.0464285714285714,0.0260945629708662,0.0428571428571429,0.0857142857142857,0.0714285714285714,0.0401454814936403,0.0659340659340659,0.75,0.125,0.222222222222222,-0.242424242424242,0.388888888888889,1.55555555555556,3.11111111111111,0.464285714285714,0.181024332810047,0.102040816326531,0.157227387996619,0.061094674556213,"Los Angeles"
2015,10,4,0.0351063829787234,0.0244140630894447,0.0297872340425532,0.0680851063829787,0.25,0.173857722000591,0.212121212121212,0.222222222222222,0,0.2,-1,0.0888888888888889,0.4,0.8,0.166666666666667,0.156565656565657,0.5,0.48852157943067,0.0520846765527617,"Puget Sound"
2015,6,3,0.187793427230047,0.130867228777149,0.126760563380282,0.338028169014085,0.333333333333333,0.232289331079439,0.225,0.4,0,0.333333333333333,NA,0.2,0.5,1,0.3,0.22125,-0.333333333333333,-0.3603125,0.278990610328638,"North WA Coast"
2015,5,4,0.0560747663551402,0.0328767459800708,0.0549065420560748,0.0934579439252336,0.25,0.146575492494482,0.244791666666667,0.75,0,0.4,-0.714285714285714,0.4,0.8,1.6,0.583333333333333,0.282986111111111,0,2.22044604925031e-16,0.0753504672897196,"WA Coast"
2015,5,4,0.0560747663551402,0.0328767459800708,0.0549065420560748,0.0934579439252336,0.25,0.146575492494482,0.244791666666667,0.75,0,0.4,-0.714285714285714,0.4,0.8,1.6,0.583333333333333,0.282986111111111,0,2.22044604925031e-16,0.0753504672897196,"WA Coast"
2015,9,16,0.0496323529411765,0.0342302907198897,0.0411764705882353,0.123529411764706,0.0625,0.0431048105361574,0.0518518518518518,0.875,0,0.222222222222222,-0.45226917057903,0.444444444444444,1.77777777777778,3.55555555555556,0.553571428571429,0.138095238095238,0.033203125,0.148203017832647,0.0732401960784314,"Astoria"
2015,6,4,0.0957446808510638,0.0274679669943788,0.0957446808510638,0.127659574468085,0.25,0.0717219138186559,0.25,0.6,0,0.333333333333333,-0.714285714285714,0.266666666666667,0.666666666666667,1.33333333333333,0.5,0.266666666666667,-0.28125,-0.285493827160494,0.103624901497242,"Tillamook"
2015,1,0,NA,NA,NA,0,NA,NA,NA,NA,NA,NA,NA,NA,0,0,NA,NA,0,0,NA,"Columbia River"
2015,8,11,0.0662947161142107,0.0569499070799435,0.0505415162454874,0.1985559566787,0.0909090909090909,0.0780946745601206,0.0693069306930693,0.714285714285714,0,0.25,-0.338624338624338,0.392857142857143,1.375,2.75,0.428571428571429,0.176567656765677,-0.0289256198347107,0.0597367905107342,0.115217045170221,"Newport"
2015,9,19,0.0669631826043983,0.0397089889328025,0.0657276995305164,0.187793427230047,0.0526315789473684,0.0312103861353761,0.0516605166051661,0.75,0,0.222222222222222,-0.280898876404493,0.527777777777778,2.11111111111111,4.22222222222222,0.285714285714286,0.106220347917765,-0.0263157894736843,0.0539412589697852,0.090510507279523,"Coos Bay"
2015,4,6,0.112094395280236,0.0778895134610709,0.115044247787611,0.185840707964602,0.166666666666667,0.115809408172382,0.171052631578947,1,1,0.5,NA,1,1.5,3,0,0.157894736842105,0,-4.44089209850063e-16,0.166216426020804,"Brookings"
2015,4,2,0.0933333333333333,0.0377123616632825,0.0933333333333333,0.12,0.5,0.202030508910442,0.5,0.666666666666667,0,0.5,-1,0.333333333333333,0.5,1,0.666666666666667,0.5,0,0,0.108571428571429,"Crescent City"
2015,4,3,0.130630630630631,0.0434398682927611,0.148648648648649,0.162162162162162,0.333333333333333,0.110846560471183,0.379310344827586,0.666666666666667,0,0.5,NA,0.5,0.75,1.5,0.333333333333333,0.293103448275862,0,-4.44089209850063e-16,0.145076110593352,"Eureka"
2015,5,5,0.062962962962963,0.0280847238668576,0.0462962962962963,0.101851851851852,0.2,0.089210299341783,0.147058823529412,0.75,0,0.4,-0.666666666666671,0.5,1,2,0.416666666666667,0.254901960784314,-0.26,-0.275519031141869,0.0754901960784314,"Morro Bay"
2015,6,7,0.103296703296703,0.0580513855989964,0.0846153846153846,0.176923076923077,0.142857142857143,0.0802838311475483,0.117021276595745,0.8,0,0.333333333333333,-0.555555555555554,0.466666666666667,1.16666666666667,2.33333333333333,0.5,0.284574468085106,-0.224489795918367,-0.257752376641014,0.135920816771881,"Fort Bragg"
2015,4,1,NA,NA,NA,0,NA,NA,NA,0.333333333333333,0,0.5,NA,0.166666666666667,0.25,0.5,0.333333333333333,0.333333333333333,-0.5,-0.5,NA,"Bodega Bay"
2015,9,8,0.0293478260869565,0.0157193176830357,0.0260869565217391,0.0608695652173913,0.125,0.0669526493907077,0.111111111111111,0.625,0,0.222222222222222,-0.6,0.222222222222222,0.888888888888889,1.77777777777778,0.517857142857143,0.229166666666667,0,0,0.0377674258109041,"San Francisco"
2015,8,10,0.0969387755102041,0.0581722155662825,0.0816326530612245,0.244897959183673,0.1,0.0600092328999546,0.0842105263157895,0.714285714285714,0,0.25,-0.562499999999998,0.357142857142857,1.25,2.5,0.476190476190476,0.181954887218045,-0.0650000000000001,0.024321329639889,0.131847475832438,"San Diego"
2015,8,7,0.0526315789473684,0.0227901422048536,0.0460526315789474,0.0921052631578947,0.142857142857143,0.0618589574131742,0.125,0.428571428571429,0,0.25,1,0.25,0.875,1.75,0.238095238095238,0.173469387755102,0.244897959183673,0.10140306122449,0.0625,"Monterey"
2015,8,16,0.0349178403755869,0.027158112853113,0.0258215962441315,0.0985915492957746,0.0625,0.0486107398127149,0.046218487394958,0.857142857142857,0,0.25,-0.56390977443609,0.571428571428571,2,4,0.380952380952381,0.169467787114846,-0.033203125,0.0987218416778476,0.0560406556988993,"Santa Barbara"
2015,8,7,0.0582857142857143,0.0298312715435457,0.056,0.112,0.142857142857143,0.0731158616263376,0.137254901960784,0.571428571428571,0,0.25,-0.399999999999999,0.25,0.875,1.75,0.428571428571429,0.126050420168067,0.122448979591837,0.299884659746251,0.0735536881419234,"Los Angeles"
2015,2,0,NA,NA,NA,0,NA,NA,NA,0,0,NA,NA,0,0,0,NA,NA,0,0,NA,"Unknown Ports"
2016,11,6,0.0248573757131214,0.019828031823197,0.0220048899755501,0.0513447432762836,0.166666666666667,0.132945328126026,0.147540983606557,0.3,0,0.181818181818182,-0.304347826086957,0.109090909090909,0.545454545454545,1.09090909090909,0.233333333333333,0.231693989071038,0.458333333333333,0.447863477559796,0.0406736408940906,"Puget Sound"
2016,9,5,0.0936170212765957,0.0828831965139679,0.0851063829787234,0.234042553191489,0.2,0.177068647098022,0.181818181818182,0.5,0,0.222222222222222,-0.805555555555556,0.138888888888889,0.555555555555556,1.11111111111111,0.464285714285714,0.239448051948052,-0.26,-0.318956611570248,0.166997098646035,"North WA Coast"
2016,6,8,0.0399786780383795,0.0308721725016103,0.035181236673774,0.0874200426439232,0.125,0.0965269926883684,0.11,0.8,0.2,0.333333333333333,-0.466666666666667,0.533333333333333,1.33333333333333,2.66666666666667,0.4,0.258,0,0,0.0638186617930754,"WA Coast"
2016,1,0,NA,NA,NA,0,NA,NA,NA,NA,NA,NA,NA,NA,0,0,NA,NA,0,0,NA,"Other Coastal Washington"
2016,7,13,0.0780298837852795,0.0641355342214926,0.0431654676258993,0.244604316546763,0.0769230769230769,0.063225810331826,0.0425531914893617,0.833333333333333,0.166666666666667,0.285714285714286,-0.402877697841726,0.619047619047619,1.85714285714286,3.71428571428571,0.3,0.206855791962175,0.0147928994082841,0.0461747397012224,0.130745158374119,"Astoria"
2016,6,5,0.0738461538461539,0.0200590843237005,0.0769230769230769,0.0923076923076923,0.2,0.0543266867100221,0.208333333333333,0.6,0,0.333333333333333,-0.666666666666671,0.333333333333333,0.833333333333333,1.66666666666667,0.4,0.175,-0.26,-0.258680555555556,0.0792948717948718,"Tillamook"
2016,1,0,NA,NA,NA,0,NA,NA,NA,NA,NA,NA,NA,NA,0,0,NA,NA,0,0,NA,"Columbia River"
2016,7,11,0.0589488636363636,0.0475682635977449,0.0546875,0.13671875,0.0909090909090909,0.0733582860302572,0.0843373493975904,0.833333333333333,0,0.285714285714286,-0.583333333333333,0.523809523809524,1.57142857142857,3.14285714285714,0.433333333333333,0.200602409638554,-0.181818181818182,-0.219589200174191,0.0973336527929901,"Newport"
2016,7,11,0.0731934731934732,0.0413506936305308,0.0769230769230769,0.138461538461538,0.0909090909090909,0.0513591417704045,0.0955414012738854,0.833333333333333,0.166666666666667,0.285714285714286,-0.55609756097561,0.523809523809524,1.57142857142857,3.14285714285714,0.433333333333333,0.214012738853503,0.0371900826446281,0.0149093269503832,0.0965545706946981,"Coos Bay"
2016,7,13,0.0797720797720798,0.0619861664400949,0.0592592592592593,0.192592592592593,0.0769230769230769,0.0597723747815201,0.0571428571428571,0.833333333333333,0,0.285714285714286,-0.444444444444446,0.619047619047619,1.85714285714286,3.71428571428571,0.3,0.185,-0.171597633136095,-0.211326530612245,0.127937864604531,"Brookings"
2016,7,6,0.092948717948718,0.0342214046539465,0.0913461538461539,0.144230769230769,0.166666666666667,0.0613625186898351,0.163793103448276,0.833333333333333,0,0.285714285714286,-0.833333333333333,0.285714285714286,0.857142857142857,1.71428571428571,0.766666666666667,0.379310344827586,0.111111111111111,0.0570749108204518,0.105548187444739,"Crescent City"
2016,5,4,0.0758928571428571,0.0415602382255028,0.0669642857142857,0.133928571428571,0.25,0.136904314154597,0.220588235294118,0.75,0,0.4,-0.714285714285714,0.4,0.8,1.6,0.583333333333333,0.303921568627451,0,0,0.0986519607843137,"Eureka"
2016,10,9,0.0694444444444444,0.0333333333333333,0.0666666666666667,0.116666666666667,0.111111111111111,0.0533333333333333,0.106666666666667,0.444444444444444,0,0.2,0.325,0.2,0.9,1.8,0.305555555555556,0.155555555555556,0.197530864197531,0.0767999999999997,0.0854444444444444,"Morro Bay"
2016,6,10,0.116216216216216,0.091918385158088,0.0855855855855856,0.27027027027027,0.1,0.0790925639732385,0.0736434108527132,0.8,0,0.333333333333333,NA,0.666666666666667,1.66666666666667,3.33333333333333,0.2,0.25,-0.2,-0.236944895138513,0.188916823800545,"Fort Bragg"
2016,6,3,0.0952380952380952,0.0899915411926731,0.0612244897959184,0.197278911564626,0.333333333333333,0.314970394174356,0.214285714285714,0.4,0,0.333333333333333,NA,0.2,0.5,1,0.3,0.257142857142857,-0.333333333333333,-0.382936507936508,0.180272108843537,"Bodega Bay"
2016,9,12,0.0676666666666667,0.0400529951968941,0.058,0.152,0.0833333333333333,0.0493263487646479,0.0714285714285714,0.625,0,0.222222222222222,-0.390243902439023,0.333333333333333,1.33333333333333,2.66666666666667,0.375,0.14378078817734,-0.173611111111111,-0.196923002256789,0.0913746827884759,"San Francisco"
2016,7,10,0.0695238095238095,0.0536967962821338,0.0523809523809524,0.2,0.1,0.0772351179400555,0.0753424657534247,0.833333333333333,0,0.285714285714286,-0.666666666666666,0.476190476190476,1.42857142857143,2.85714285714286,0.5,0.250684931506849,-0.19,-0.226590354663164,0.110996593462347,"San Diego"
2016,8,14,0.0502040816326531,0.0321048964748861,0.0457142857142857,0.131428571428571,0.0714285714285714,0.0456776982366266,0.0650406504065041,0.714285714285714,0,0.25,-0.400000000000005,0.5,1.75,3.5,0.285714285714286,0.126596980255517,-0.0637755102040817,0.0355608434133121,0.0707347704560248,"Monterey"
2016,7,10,0.0291497975708502,0.0184840957282202,0.0242914979757085,0.0769230769230769,0.1,0.0634107172898664,0.0833333333333333,0.833333333333333,0,0.285714285714286,-0.382978723404256,0.476190476190476,1.42857142857143,2.85714285714286,0.5,0.140277777777778,0.1,0.152777777777778,0.0408706952566602,"Santa Barbara"
2016,8,9,0.0478395061728395,0.0265447799564345,0.0416666666666667,0.0902777777777778,0.111111111111111,0.0616523921568802,0.0967741935483871,0.571428571428571,0,0.25,-0.350000000000001,0.321428571428571,1.125,2.25,0.333333333333333,0.198924731182796,0.141975308641975,0.144120707596254,0.0625684488251693,"Los Angeles"
2016,7,0,NA,NA,NA,0,NA,NA,NA,0,0,NA,NA,0,0,0,0,NA,0,0,NA,"Unknown Ports"
2017,10,3,0.0399201596806387,0.0086429681016411,0.0449101796407186,0.0449101796407186,0.333333333333333,0.0721687836487032,0.375,0.222222222222222,0,0.2,-0.5,0.0666666666666667,0.3,0.6,0.194444444444444,0.147569444444444,0.444444444444444,0.46875,0.0417914171656687,"Puget Sound"
2017,7,3,0.134328358208955,0.0907875004522122,0.0895522388059701,0.238805970149254,0.333333333333333,0.225287501122156,0.222222222222222,0.333333333333333,0,0.285714285714286,NA,0.142857142857143,0.428571428571429,0.857142857142857,0.266666666666667,0.185185185185185,0,-4.44089209850063e-16,0.195688225538972,"North WA Coast"
2017,8,12,0.0346227316141356,0.0248432896642114,0.0257879656160458,0.0859598853868195,0.0833333333333333,0.0597952282262742,0.0620689655172414,0.714285714285714,0.142857142857143,0.25,0.361702127659574,0.428571428571429,1.5,3,0.380952380952381,0.203612479474548,0.152777777777778,0.104256837098692,0.0524488537184911,"WA Coast"
2017,8,12,0.0346227316141356,0.0248432896642114,0.0257879656160458,0.0859598853868195,0.0833333333333333,0.0597952282262742,0.0620689655172414,0.714285714285714,0.142857142857143,0.25,0.361702127659574,0.428571428571429,1.5,3,0.380952380952381,0.203612479474548,0.152777777777778,0.104256837098692,0.0524488537184911,"WA Coast"
2017,7,11,0.0748663101604278,0.0575052823865706,0.0441176470588235,0.205882352941176,0.0909090909090909,0.0698278428979787,0.0535714285714286,0.833333333333333,0.166666666666667,0.285714285714286,-0.55609756097561,0.523809523809524,1.57142857142857,3.14285714285714,0.433333333333333,0.233333333333333,-0.00413223140495867,0.0923549107142858,0.119036478227655,"Astoria"
2017,5,6,0.1,0.036080121229411,0.1,0.153846153846154,0.166666666666667,0.0601335353823517,0.166666666666667,0.75,0,0.4,NA,0.6,1.2,2.4,0.25,0.158119658119658,-0.25,-0.256738987508218,0.11301775147929,"Tillamook"
2017,1,0,NA,NA,NA,0,NA,NA,NA,NA,NA,NA,NA,NA,0,0,NA,NA,0,0,NA,"Columbia River"
2017,9,18,0.0533938607868569,0.0404767307601082,0.0428015564202335,0.132295719844358,0.0555555555555556,0.042115464798979,0.0445344129554656,0.875,0,0.222222222222222,-0.535928143712576,0.5,2,4,0.482142857142857,0.153846153846154,-0.029320987654321,0.0561638446786543,0.0840783947179485,"Newport"
2017,7,11,0.0564549605645496,0.0388676875874375,0.0502283105022831,0.123287671232877,0.0909090909090909,0.0625884086885942,0.0808823529411765,0.833333333333333,0,0.285714285714286,-0.466666666666667,0.523809523809524,1.57142857142857,3.14285714285714,0.433333333333333,0.242647058823529,0.0330578512396694,0.008839749134948,0.0832142944350841,"Coos Bay"
2017,5,9,0.10453216374269,0.0645813786080141,0.0921052631578947,0.197368421052632,0.111111111111111,0.068645940898029,0.0979020979020979,1,0.75,0.4,-0.499999999999998,0.9,1.8,3.6,0.166666666666667,0.166083916083916,0,-4.44089209850063e-16,0.144431409234041,"Brookings"
2017,6,4,0.0784671532846715,0.0418781374162007,0.0656934306569343,0.138686131386861,0.25,0.133425693628361,0.209302325581395,0.8,0,0.333333333333333,-1,0.266666666666667,0.666666666666667,1.33333333333333,0.8,0.5,-0.3125,-0.325851811790157,0.100817631415153,"Crescent City"
2017,6,11,0.0579038795599305,0.0506723463507405,0.0318471337579618,0.171974522292994,0.0909090909090909,0.0795555837706626,0.05,1,0.4,0.333333333333333,-0.583333333333333,0.733333333333333,1.83333333333333,3.66666666666667,0.4,0.213,0,0,0.102247828604517,"Eureka"
2017,7,7,0.0977443609022556,0.0707992325404789,0.0526315789473684,0.189473684210526,0.142857142857143,0.103475801405315,0.0769230769230769,0.666666666666667,0,0.285714285714286,-0.555555555555554,0.333333333333333,1,2,0.466666666666667,0.192307692307692,-0.224489795918367,-0.267218934911243,0.149026412184307,"Morro Bay"
2017,6,9,0.104399701715138,0.0798425824373285,0.087248322147651,0.23489932885906,0.111111111111111,0.0849753198797282,0.0928571428571429,0.8,0,0.333333333333333,-0.499999999999998,0.6,1.5,3,0.3,0.253571428571429,-0.203703703703704,-0.242678571428571,0.165461542558858,"Fort Bragg"
2017,6,4,0.136363636363636,0.0990311190204133,0.118181818181818,0.272727272727273,0.25,0.181557051537424,0.216666666666667,0.6,0,0.333333333333333,-0.714285714285714,0.266666666666667,0.666666666666667,1.33333333333333,0.5,0.24,0,0,0.208282828282828,"Bodega Bay"
2017,10,11,0.0485042114435086,0.0468858560927803,0.0383386581469649,0.182108626198083,0.0909090909090909,0.0878758859703008,0.0718562874251497,0.555555555555556,0,0.2,-0.447368421052629,0.244444444444444,1.1,2.2,0.388888888888889,0.153692614770459,-0.103305785123967,0.06344795439062,0.0938257090234286,"San Francisco"
2017,9,13,0.0775535939470366,0.0728244888077401,0.0491803278688525,0.295081967213115,0.0769230769230769,0.0722324197930431,0.0487804878048781,0.625,0,0.222222222222222,-0.444444444444446,0.361111111111111,1.44444444444444,2.88888888888889,0.339285714285714,0.182926829268293,-0.0355029585798816,0.026835878114879,0.145937351555104,"San Diego"
2017,8,11,0.0712530712530713,0.0415772442831503,0.0540540540540541,0.135135135135135,0.0909090909090909,0.0530468289129849,0.0689655172413793,0.571428571428571,0,0.25,1,0.392857142857143,1.375,2.75,0.238095238095238,0.168965517241379,0.165289256198347,0.104256837098692,0.0955140218588495,"Monterey"
2017,7,12,0.0275564409030544,0.0181747582411243,0.0239043824701195,0.0717131474103586,0.0833333333333333,0.0549622207050868,0.072289156626506,0.833333333333333,0,0.285714285714286,-0.276595744680853,0.571428571428571,1.71428571428571,3.42857142857143,0.366666666666667,0.162650602409639,0,0.125344752503992,0.0395435417875777,"Santa Barbara"
2017,10,20,0.0423076923076923,0.0277006784969238,0.032051282051282,0.108974358974359,0.05,0.0327371654963645,0.0378787878787879,0.777777777777778,0,0.2,-0.313725490196079,0.444444444444444,2,4,0.416666666666667,0.168560606060606,0.14875,0.124885215794308,0.0604445262339999,"Los Angeles"
2017,9,5,0.0240776699029126,0.0155703457838675,0.0174757281553398,0.0427184466019417,0.2,0.129334323849867,0.145161290322581,0.375,0,0.222222222222222,-0.666666666666667,0.138888888888889,0.555555555555556,1.11111111111111,0.303571428571429,0.266129032258065,0.3,0.151925078043705,0.0341465706232383,"Unknown Ports"
2018,10,4,0.0355113636363636,0.0194762914784121,0.0411931818181818,0.0511363636363636,0.25,0.137113092008021,0.29,0.222222222222222,0,0.2,-1,0.0888888888888889,0.4,0.8,0.166666666666667,0.166666666666667,0.5,0.48,0.0461931818181818,"Puget Sound"
2018,7,4,0.11436170212766,0.123262023683579,0.0585106382978723,0.297872340425532,0.25,0.269456516889685,0.127906976744186,0.333333333333333,0,0.285714285714286,1,0.19047619047619,0.571428571428571,1.14285714285714,0.2,0.308139534883721,0.375,0.168739859383451,0.247216724393864,"North WA Coast"
2018,7,10,0.0355889724310777,0.0325664554301906,0.0225563909774436,0.0952380952380952,0.1,0.0915071529341271,0.0633802816901408,0.833333333333333,0.166666666666667,0.285714285714286,-0.558441558441559,0.476190476190476,1.42857142857143,2.85714285714286,0.5,0.278521126760563,0,6.66133814775094e-16,0.0653896086068065,"WA Coast"
2018,7,10,0.0355889724310777,0.0325664554301906,0.0225563909774436,0.0952380952380952,0.1,0.0915071529341271,0.0633802816901408,0.833333333333333,0.166666666666667,0.285714285714286,-0.558441558441559,0.476190476190476,1.42857142857143,2.85714285714286,0.5,0.278521126760563,0,6.66133814775094e-16,0.0653896086068065,"WA Coast"
2018,7,12,0.0899280575539568,0.0767215753931347,0.0611510791366906,0.280575539568345,0.0833333333333333,0.0710953265309715,0.0566666666666667,1,0.166666666666667,0.285714285714286,-0.636363636363636,0.571428571428571,1.71428571428571,3.42857142857143,0.6,0.229444444444444,-0.0451388888888889,0.114577777777778,0.155382603008502,"Astoria"
2018,5,6,0.114942528735632,0.0563101090294983,0.0948275862068965,0.224137931034483,0.166666666666667,0.0816496580927726,0.1375,0.75,0,0.4,NA,0.6,1.2,2.4,0.25,0.1875,-0.25,-0.2590625,0.142528735632184,"Tillamook"
2018,2,1,NA,NA,NA,0,NA,NA,NA,1,1,1,NA,1,0.5,1,NA,NA,-0.5,-0.5,NA,"Columbia River"
2018,8,22,0.0593760483059376,0.0485403226238288,0.040590405904059,0.188191881918819,0.0454545454545454,0.0371593995227616,0.0310734463276836,1,0.428571428571429,0.25,-0.475776397515526,0.785714285714286,2.75,5.5,0.285714285714286,0.138821630347054,-0.012396694214876,0.0967753519103705,0.0990580916154748,"Newport"
2018,9,18,0.0680555555555556,0.0510230308116111,0.045,0.16,0.0555555555555556,0.0416514537237642,0.036734693877551,0.75,0,0.222222222222222,-0.331838565022419,0.5,2,4,0.321428571428571,0.140524781341108,-0.0895061728395061,0.0169762598917119,0.106308856876084,"Coos Bay"
2018,5,9,0.0765765765765766,0.0526637069868915,0.0608108108108108,0.148648648648649,0.111111111111111,0.076414006216274,0.0882352941176471,1,0.75,0.4,-0.499999999999998,0.9,1.8,3.6,0.166666666666667,0.165441176470588,-0.203703703703704,-0.239475201845444,0.112794780074192,"Brookings"
2018,5,3,0.0539906103286385,0.00813169393224825,0.0492957746478873,0.0633802816901408,0.333333333333333,0.0502043712338805,0.304347826086956,0.75,0,0.4,-1,0.3,0.6,1.2,0.75,0.5,-0.333333333333333,-0.334593572778828,0.0552153500714431,"Crescent City"
2018,9,11,0.0655844155844156,0.0564076074817766,0.0357142857142857,0.178571428571429,0.0909090909090909,0.078188762846027,0.0495049504950495,0.625,0,0.222222222222222,-0.537634408602151,0.305555555555556,1.22222222222222,2.44444444444444,0.410714285714286,0.181311881188119,-0.177685950413223,-0.231741986079796,0.114099267069564,"Eureka"
2018,8,6,0.0592369477911647,0.0317434251142384,0.0572289156626506,0.108433734939759,0.166666666666667,0.0893120096434503,0.161016949152542,0.571428571428571,0,0.25,-0.714285714285714,0.214285714285714,0.75,1.5,0.476190476190476,0.179580306698951,0,0,0.0762473623306787,"Morro Bay"
2018,7,10,0.106422018348624,0.0761707342329333,0.0779816513761468,0.229357798165138,0.1,0.0715742244085321,0.0732758620689655,0.666666666666667,0,0.285714285714286,NA,0.476190476190476,1.42857142857143,2.85714285714286,0.266666666666667,0.185344827586207,-0.2,-0.224472354340071,0.16094063060213,"Fort Bragg"
2018,5,2,0.128048780487805,0.146595308294772,0.128048780487805,0.231707317073171,0.5,0.572419775246253,0.5,0.25,0,0.4,NA,0.2,0.4,0.8,0.0833333333333333,0.420634920634921,0.5,0.172335600907029,0.295876887340302,"Bodega Bay"
2018,9,13,0.0423910454870207,0.0427196833937787,0.0309597523219814,0.173374613003096,0.0769230769230769,0.0775194254842164,0.0561797752808989,0.625,0,0.222222222222222,-0.444444444444446,0.361111111111111,1.44444444444444,2.88888888888889,0.339285714285714,0.171849919743178,-0.0355029585798816,0.0568110087110213,0.0854419145632142,"San Francisco"
2018,8,9,0.07085346215781,0.0670806477149701,0.0507246376811594,0.239130434782609,0.111111111111111,0.105194652098476,0.0795454545454546,0.571428571428571,0,0.25,-0.499999999999998,0.321428571428571,1.125,2.25,0.333333333333333,0.211038961038961,-0.203703703703704,-0.246707128099174,0.13436219074806,"San Diego"
2018,7,8,0.0581797235023041,0.0373517665491553,0.0483870967741935,0.119815668202765,0.125,0.0802508251600663,0.103960396039604,0.666666666666667,0,0.285714285714286,0.2,0.380952380952381,1.14285714285714,2.28571428571429,0.4,0.222772277227723,0.1796875,0.230124497598275,0.0821598041963512,"Monterey"
2018,8,16,0.0321356275303644,0.0189012177719546,0.0283400809716599,0.0769230769230769,0.0625,0.0367606361391558,0.0551181102362205,0.857142857142857,0,0.25,-0.468354430379747,0.571428571428571,2,4,0.380952380952381,0.101049868766404,-0.10546875,0.0040920081840165,0.0432527601559926,"Santa Barbara"
2018,11,16,0.0524068322981366,0.0315870723971955,0.0434782608695652,0.118012422360248,0.0625,0.0376705085625813,0.0518518518518519,0.6,0,0.181818181818182,-0.333333333333333,0.290909090909091,1.45454545454545,2.90909090909091,0.377777777777778,0.136296296296296,0.138671875,0.233717421124829,0.0714452495974235,"Los Angeles"
2018,6,2,0.0231788079470199,0.00468282636547382,0.0231788079470199,0.0264900662251656,0.5,0.101015254455221,0.5,0.4,0,0.333333333333333,-1,0.133333333333333,0.333333333333333,0.666666666666667,0.4,0.3,-0.375,-0.377551020408163,0.0241248817407758,"Unknown Ports"
2019,8,3,0.0502092050209205,0.0301719772005355,0.0585774058577406,0.0753138075313808,0.333333333333333,0.200308404192444,0.388888888888889,0.285714285714286,0,0.25,-0.5,0.107142857142857,0.375,0.75,0.238095238095238,0.171957671957672,0.444444444444444,0.475308641975309,0.0683403068340307,"Puget Sound"
2019,6,4,0.0862068965517241,0.0580431318296671,0.0603448275862069,0.172413793103448,0.25,0.168325082306035,0.175,0.4,0,0.333333333333333,1,0.266666666666667,0.666666666666667,1.33333333333333,0.2,0.275,0.375,0.255,0.125287356321839,"North WA Coast"
2019,6,6,0.0360696517412935,0.03438779194202,0.0186567164179104,0.0970149253731343,0.166666666666667,0.158895314490713,0.0862068965517241,0.8,0.2,0.333333333333333,-0.68,0.4,1,2,0.6,0.341379310344828,-0.222222222222222,-0.289998678821509,0.0688540058329044,"WA Coast"
2019,6,6,0.0360696517412935,0.03438779194202,0.0186567164179104,0.0970149253731343,0.166666666666667,0.158895314490713,0.0862068965517241,0.8,0.2,0.333333333333333,-0.68,0.4,1,2,0.6,0.341379310344828,-0.222222222222222,-0.289998678821509,0.0688540058329044,"WA Coast"
2019,6,7,0.0651965484180249,0.0544843945570498,0.0469798657718121,0.174496644295302,0.142857142857143,0.119384923367653,0.102941176470588,0.8,0.2,0.333333333333333,-0.7,0.466666666666667,1.16666666666667,2.33333333333333,0.5,0.348529411764706,-0.0306122448979592,0.131163494809689,0.110728855300509,"Astoria"
2019,6,4,0.087719298245614,0.042973504259354,0.0789473684210526,0.140350877192982,0.25,0.122474487139159,0.225,0.6,0,0.333333333333333,-0.714285714285714,0.266666666666667,0.666666666666667,1.33333333333333,0.5,0.31,0,6.66133814775094e-16,0.108771929824561,"Tillamook"
2019,1,0,NA,NA,NA,0,NA,NA,NA,NA,NA,NA,NA,NA,0,0,NA,NA,0,0,NA,"Columbia River"
2019,7,16,0.0489341085271318,0.0340813551623956,0.0348837209302326,0.124031007751938,0.0625,0.0435296516430597,0.0445544554455446,1,0.5,0.285714285714286,-0.468354430379747,0.761904761904762,2.28571428571429,4.57142857142857,0.333333333333333,0.199257425742574,-0.0078125,0.068277619841192,0.0726709008110113,"Newport"
2019,8,12,0.0645325203252032,0.032728970831667,0.0518292682926829,0.115853658536585,0.0833333333333333,0.0422641828062471,0.0669291338582677,0.714285714285714,0,0.25,-0.43478260869565,0.428571428571429,1.5,3,0.380952380952381,0.158605174353206,-0.00347222222222229,0.0410130820261642,0.0811316788006821,"Coos Bay"
2019,6,8,0.0582706766917293,0.0367795782347238,0.0526315789473684,0.142857142857143,0.125,0.0788981275035204,0.112903225806452,0.8,0,0.333333333333333,-0.548387096774194,0.533333333333333,1.33333333333333,2.66666666666667,0.4,0.245967741935484,0,4.44089209850063e-16,0.0814853955164409,"Brookings"
2019,4,3,0.0592592592592593,0.0169725025739105,0.0555555555555556,0.0777777777777778,0.333333333333333,0.0954703269782467,0.3125,1,0.333333333333333,0.5,-1,0.5,0.75,1.5,1,0.666666666666667,0,0,0.0641203703703704,"Crescent City"
2019,7,6,0.101190476190476,0.0500849618284825,0.102678571428571,0.169642857142857,0.166666666666667,0.0824928783057358,0.169117647058824,0.5,0,0.285714285714286,NA,0.285714285714286,0.857142857142857,1.71428571428571,0.3,0.141176470588235,-0.25,-0.256487889273356,0.125980392156863,"Eureka"
2019,8,6,0.0731707317073171,0.0556183134194701,0.0426829268292683,0.170731707317073,0.166666666666667,0.126686158344349,0.0972222222222222,0.428571428571429,0,0.25,-0.285714285714287,0.214285714285714,0.75,1.5,0.285714285714286,0.224867724867725,0.111111111111111,0.101466049382716,0.115447154471545,"Morro Bay"
2019,6,10,0.0870967741935484,0.0565468275935782,0.0645161290322581,0.204301075268817,0.1,0.0649241353852194,0.0740740740740741,0.8,0,0.333333333333333,NA,0.666666666666667,1.66666666666667,3.33333333333333,0.2,0.148148148148148,-0.12,0.0630239292790735,0.12380931309645,"Fort Bragg"
2019,6,2,0.113526570048309,0.140054966321973,0.113526570048309,0.21256038647343,0.5,0.616837830396775,0.5,0.4,0,0.333333333333333,-1,0.133333333333333,0.333333333333333,0.666666666666667,0.4,0.3,-0.375,-0.47012222725215,0.286308973172988,"Bodega Bay"
2019,8,11,0.0474423535648025,0.0521057554190869,0.0349854227405248,0.186588921282799,0.0909090909090909,0.0998451067527755,0.0670391061452514,0.714285714285714,0,0.25,-0.583333333333333,0.392857142857143,1.375,2.75,0.428571428571429,0.211492418196329,-0.0206611570247933,0.0878093692456538,0.104669905399583,"San Francisco"
2019,7,8,0.0836330935251798,0.0752514939694629,0.0647482014388489,0.251798561151079,0.125,0.112472663029627,0.0967741935483871,0.666666666666667,0,0.285714285714286,-0.466666666666667,0.380952380952381,1.14285714285714,2.28571428571429,0.4,0.304301075268817,-0.140625,0.00965429529425354,0.151342980914807,"San Diego"
2019,7,6,0.0504201680672269,0.0354538203524857,0.0357142857142857,0.105042016806723,0.166666666666667,0.117194572831828,0.118055555555556,0.5,0,0.285714285714286,NA,0.285714285714286,0.857142857142857,1.71428571428571,0.3,0.216666666666667,-0.25,-0.277006172839506,0.0753501400560224,"Monterey"
2019,7,12,0.0294573643410853,0.0226416434306588,0.0232558139534884,0.0976744186046512,0.0833333333333333,0.0640520175998901,0.0657894736842105,0.833333333333333,0,0.285714285714286,-0.43478260869565,0.571428571428571,1.71428571428571,3.42857142857143,0.366666666666667,0.186842105263158,0,0.0934037396121885,0.0468602796632172,"Santa Barbara"
2019,11,16,0.0489309210526316,0.0359517051595347,0.0328947368421053,0.138157894736842,0.0625,0.045921505749994,0.0420168067226891,0.7,0,0.181818181818182,-0.436734693877551,0.290909090909091,1.45454545454545,2.90909090909091,0.5,0.16171802054155,0.044921875,0.0720288115246097,0.0753462240159222,"Los Angeles"
2019,6,2,0.0365853658536585,0,0.0365853658536585,0.0365853658536585,0.5,0,0.5,0.2,0,0.333333333333333,NA,0.133333333333333,0.333333333333333,0.666666666666667,0.1,0.1,0.5,0.5,0.0365853658536585,"Unknown Ports"
